frame,person_id,class,bbox,confidence
1,1,person,"[339.11, 1647.86, 711.02, 2761.76]",0.9
1,2,person,"[1153.66, 1654.32, 1378.37, 2443.56]",0.86
1,3,person,"[0.0, 1562.26, 309.34, 2743.34]",0.86
1,4,person,"[1741.34, 1699.56, 1917.74, 2144.85]",0.8
1,5,person,"[1906.17, 1914.13, 2153.44, 3296.7]",0.77
1,6,person,"[980.92, 1700.23, 1169.71, 2381.23]",0.76
1,7,person,"[887.17, 1727.14, 1017.36, 2128.44]",0.7
1,8,person,"[713.9, 1718.27, 857.08, 2104.37]",0.61
1,9,backpack,"[983.1, 1796.19, 1163.26, 2046.59]",0.54
1,10,backpack,"[1210.77, 1782.71, 1370.48, 2034.68]",0.31
2,1,person,"[340.51, 1646.53, 701.74, 2728.48]",0.88
2,2,person,"[1150.3, 1656.23, 1376.02, 2449.13]",0.86
2,3,person,"[11.94, 1571.06, 314.9, 2725.67]",0.87
2,4,person,"[1748.98, 1701.91, 1925.41, 2147.42]",0.82
2,5,person,"[1922.1, 1998.9, 2159.48, 3327.47]",0.42
2,6,person,"[979.54, 1708.28, 1169.71, 2393.82]",0.77
2,7,person,"[885.63, 1718.13, 1020.59, 2135.03]",0.64
2,8,person,"[710.08, 1707.93, 856.66, 2103.28]",0.66
2,9,backpack,"[980.76, 1796.6, 1172.72, 2063.58]",0.54
2,10,backpack,"[1210.56, 1790.85, 1368.37, 2039.94]",0.32
3,1,person,"[340.95, 1646.27, 699.46, 2720.3]",0.89
3,2,person,"[1150.62, 1662.23, 1376.64, 2456.26]",0.86
3,3,person,"[26.13, 1587.67, 314.22, 2678.87]",0.87
3,4,person,"[1749.27, 1706.43, 1924.27, 2148.31]",0.82
3,6,person,"[981.11, 1706.09, 1171.13, 2390.46]",0.78
3,7,person,"[882.96, 1718.82, 1018.38, 2137.47]",0.7
3,8,person,"[710.71, 1700.81, 859.58, 2101.61]",0.66
3,9,backpack,"[982.72, 1798.85, 1176.81, 2068.96]",0.56
4,1,person,"[346.53, 1646.81, 699.15, 2701.8]",0.89
4,2,person,"[1152.98, 1669.76, 1376.62, 2455.86]",0.87
4,3,person,"[35.11, 1599.89, 310.85, 2633.74]",0.88
4,4,person,"[1750.22, 1709.73, 1924.52, 2149.97]",0.79
4,6,person,"[986.3, 1712.19, 1174.34, 2387.16]",0.8
4,7,person,"[881.46, 1716.12, 1017.41, 2136.26]",0.74
4,8,person,"[711.11, 1700.61, 860.55, 2102.47]",0.69
4,9,backpack,"[984.16, 1800.19, 1180.2, 2073.05]",0.43
5,1,person,"[344.32, 1648.01, 698.4, 2706.6]",0.88
5,2,person,"[1155.62, 1674.95, 1376.04, 2449.86]",0.84
5,3,person,"[35.96, 1607.97, 308.93, 2619.44]",0.88
5,4,person,"[1751.97, 1715.45, 1924.72, 2151.81]",0.78
5,6,person,"[990.47, 1717.62, 1181.25, 2400.74]",0.77
5,7,person,"[880.66, 1719.08, 1016.02, 2137.84]",0.76
5,8,person,"[707.87, 1700.75, 858.04, 2104.29]",0.7
5,9,backpack,"[987.23, 1794.19, 1187.26, 2073.38]",0.41
6,1,person,"[342.78, 1652.0, 696.87, 2710.83]",0.87
6,2,person,"[1154.91, 1677.92, 1375.56, 2454.47]",0.83
6,3,person,"[30.76, 1611.9, 303.19, 2610.42]",0.89
6,4,person,"[1753.38, 1718.42, 1924.68, 2151.2]",0.78
6,6,person,"[992.68, 1718.7, 1186.13, 2410.23]",0.73
6,7,person,"[882.92, 1720.33, 1017.12, 2136.07]",0.75
6,8,person,"[705.41, 1699.92, 854.41, 2100.74]",0.69
6,9,backpack,"[997.62, 1813.32, 1182.72, 2070.66]",0.58
7,1,person,"[342.25, 1653.6, 697.24, 2715.9]",0.88
7,2,person,"[1154.46, 1679.37, 1373.9, 2451.88]",0.84
7,3,person,"[23.98, 1615.61, 299.32, 2615.69]",0.9
7,4,person,"[1752.42, 1719.34, 1923.39, 2150.93]",0.81
7,6,person,"[995.06, 1718.21, 1187.3, 2404.52]",0.74
7,7,person,"[882.58, 1722.15, 1016.53, 2137.99]",0.73
7,8,person,"[702.84, 1699.9, 853.67, 2104.22]",0.73
7,9,backpack,"[992.43, 1797.17, 1188.48, 2070.72]",0.54
8,1,person,"[337.75, 1654.38, 697.25, 2733.59]",0.9
8,2,person,"[1152.23, 1678.69, 1371.26, 2448.61]",0.84
8,3,person,"[18.92, 1618.99, 297.47, 2622.75]",0.88
8,4,person,"[1752.52, 1719.6, 1921.7, 2145.94]",0.77
8,6,person,"[995.45, 1718.87, 1183.58, 2388.42]",0.7
8,7,person,"[881.27, 1721.34, 1015.92, 2140.82]",0.74
8,8,person,"[702.82, 1698.76, 854.48, 2104.19]",0.73
8,9,backpack,"[997.74, 1812.0, 1181.6, 2067.59]",0.63
8,10,backpack,"[1193.53, 1800.57, 1359.48, 2065.26]",0.36
9,1,person,"[337.0, 1657.28, 698.58, 2745.72]",0.9
9,2,person,"[1152.28, 1672.94, 1369.49, 2434.38]",0.84
9,3,person,"[14.62, 1618.3, 297.63, 2631.4]",0.87
9,4,person,"[1753.04, 1718.17, 1923.02, 2146.16]",0.78
9,6,person,"[999.91, 1719.02, 1187.11, 2382.8]",0.74
9,7,person,"[877.41, 1717.24, 1012.41, 2137.94]",0.74
9,8,person,"[701.07, 1696.3, 853.31, 2102.09]",0.72
9,9,backpack,"[997.4, 1803.39, 1189.04, 2070.66]",0.67
9,10,backpack,"[1193.56, 1800.45, 1355.84, 2062.63]",0.43
10,1,person,"[340.41, 1660.73, 702.15, 2748.69]",0.9
10,2,person,"[1152.12, 1666.22, 1366.74, 2413.74]",0.83
10,3,person,"[4.94, 1609.46, 293.96, 2643.95]",0.88
10,4,person,"[1753.4, 1711.16, 1923.55, 2139.26]",0.76
10,6,person,"[998.88, 1715.77, 1185.92, 2378.49]",0.67
10,7,person,"[874.68, 1713.49, 1010.26, 2137.93]",0.74
10,8,person,"[699.49, 1692.31, 853.52, 2101.95]",0.72
10,9,backpack,"[1005.41, 1818.31, 1185.06, 2068.59]",0.51
10,10,backpack,"[1195.59, 1797.72, 1354.88, 2059.16]",0.35
11,1,person,"[343.35, 1664.68, 703.1, 2741.69]",0.89
11,2,person,"[1156.88, 1659.92, 1371.02, 2403.31]",0.84
11,3,person,"[0.0, 1601.88, 293.55, 2657.17]",0.89
11,4,person,"[1755.41, 1704.5, 1927.31, 2135.5]",0.8
11,6,person,"[1001.46, 1717.06, 1187.67, 2374.48]",0.75
11,7,person,"[872.92, 1709.24, 1007.87, 2133.48]",0.75
11,8,person,"[697.0, 1694.48, 850.74, 2102.0]",0.73
11,9,backpack,"[989.83, 1770.17, 1198.27, 2065.37]",0.47
11,10,backpack,"[1198.08, 1792.33, 1355.88, 2053.89]",0.34
12,1,person,"[343.74, 1667.53, 702.26, 2734.7]",0.89
12,2,person,"[1160.6, 1656.28, 1374.01, 2390.75]",0.86
12,3,person,"[0.0, 1599.02, 296.58, 2664.47]",0.89
12,4,person,"[1755.74, 1698.7, 1929.73, 2134.45]",0.82
12,6,person,"[1001.78, 1714.25, 1186.86, 2367.61]",0.73
12,7,person,"[873.44, 1708.8, 1006.16, 2127.06]",0.74
12,8,person,"[696.29, 1694.47, 850.01, 2101.02]",0.73
12,9,backpack,"[994.96, 1768.05, 1194.15, 2055.2]",0.38
12,10,backpack,"[1199.98, 1790.94, 1350.5, 2042.55]",0.36
13,1,person,"[340.98, 1672.26, 699.19, 2735.11]",0.9
13,2,person,"[1164.03, 1652.88, 1379.33, 2388.65]",0.85
13,3,person,"[1.23, 1591.79, 301.13, 2667.76]",0.89
13,4,person,"[1755.59, 1691.95, 1931.77, 2132.02]",0.81
13,6,person,"[1003.02, 1709.39, 1187.25, 2359.36]",0.69
13,7,person,"[872.64, 1706.02, 1006.73, 2129.7]",0.74
13,8,person,"[697.83, 1699.71, 850.72, 2103.17]",0.71
13,9,backpack,"[1007.82, 1785.46, 1185.55, 2042.1]",0.63
13,10,backpack,"[1206.16, 1781.51, 1358.5, 2035.88]",0.43
14,1,person,"[336.61, 1672.11, 697.09, 2735.09]",0.9
14,2,person,"[1166.74, 1649.17, 1382.73, 2381.62]",0.83
14,3,person,"[0.0, 1585.4, 306.33, 2686.78]",0.89
14,4,person,"[1754.17, 1687.94, 1932.3, 2132.61]",0.81
14,6,person,"[1003.61, 1691.23, 1192.2, 2357.26]",0.67
14,7,person,"[872.13, 1703.63, 1007.57, 2133.11]",0.72
14,8,person,"[698.92, 1704.11, 849.95, 2100.69]",0.68
14,9,backpack,"[1009.02, 1780.27, 1185.46, 2037.13]",0.42
14,10,backpack,"[1208.86, 1772.34, 1364.98, 2031.57]",0.4
15,1,person,"[355.97, 1673.25, 698.71, 2676.46]",0.88
15,2,person,"[1172.71, 1649.17, 1387.22, 2368.36]",0.83
15,3,person,"[2.56, 1577.75, 314.46, 2694.61]",0.89
15,4,person,"[1756.96, 1683.84, 1937.08, 2131.07]",0.8
15,6,person,"[1008.01, 1701.05, 1193.86, 2356.97]",0.72
15,7,person,"[869.17, 1702.38, 1005.5, 2135.18]",0.74
15,8,person,"[695.37, 1704.01, 846.26, 2100.09]",0.68
15,9,backpack,"[1016.32, 1794.47, 1182.25, 2036.78]",0.49
15,10,backpack,"[1210.11, 1768.67, 1367.06, 2029.0]",0.32
16,1,person,"[348.08, 1665.7, 707.95, 2717.23]",0.87
16,2,person,"[1174.72, 1647.66, 1393.06, 2374.6]",0.83
16,3,person,"[3.75, 1569.57, 322.15, 2706.33]",0.88
16,4,person,"[1760.68, 1680.01, 1943.24, 2130.61]",0.79
16,6,person,"[1010.89, 1695.83, 1197.4, 2354.36]",0.67
16,7,person,"[868.04, 1703.08, 1003.56, 2133.55]",0.76
16,8,person,"[694.85, 1702.62, 846.3, 2099.1]",0.66
16,9,backpack,"[1018.24, 1774.59, 1190.06, 2029.07]",0.54
16,10,backpack,"[1209.6, 1766.97, 1368.05, 2029.04]",0.37
17,1,person,"[370.1, 1661.18, 716.53, 2666.8]",0.89
17,2,person,"[1176.22, 1646.4, 1398.47, 2383.46]",0.84
17,3,person,"[5.87, 1567.79, 329.85, 2721.03]",0.89
17,4,person,"[1763.65, 1677.75, 1946.78, 2130.1]",0.78
17,6,person,"[1011.39, 1699.78, 1197.88, 2357.26]",0.7
17,7,person,"[871.44, 1704.7, 1005.83, 2132.18]",0.73
17,8,person,"[692.92, 1701.16, 845.66, 2098.24]",0.69
17,9,backpack,"[1020.15, 1772.81, 1191.7, 2029.12]",0.54
17,10,backpack,"[1210.41, 1765.55, 1369.74, 2028.85]",0.39
18,1,person,"[381.79, 1656.13, 726.95, 2650.25]",0.88
18,2,person,"[1178.25, 1646.93, 1404.59, 2394.82]",0.84
18,3,person,"[9.43, 1570.44, 336.42, 2727.8]",0.89
18,4,person,"[1765.09, 1676.89, 1947.13, 2124.42]",0.79
18,6,person,"[1014.45, 1712.8, 1197.57, 2355.62]",0.73
18,7,person,"[871.86, 1706.1, 1007.02, 2134.75]",0.74
18,8,person,"[692.41, 1699.79, 846.04, 2097.1]",0.71
18,9,backpack,"[1025.62, 1793.56, 1184.93, 2029.95]",0.5
18,10,backpack,"[1208.96, 1768.81, 1367.32, 2031.68]",0.27
19,1,person,"[383.46, 1647.67, 737.16, 2666.9]",0.86
19,2,person,"[1182.77, 1650.29, 1403.59, 2375.56]",0.84
19,3,person,"[12.47, 1576.97, 345.82, 2747.12]",0.89
19,4,person,"[1770.25, 1676.85, 1952.03, 2122.46]",0.79
19,6,person,"[1014.29, 1715.19, 1199.76, 2366.18]",0.71
19,7,person,"[872.77, 1706.66, 1008.91, 2136.73]",0.76
19,8,person,"[689.93, 1699.49, 845.53, 2101.89]",0.72
19,9,backpack,"[1026.66, 1799.2, 1185.18, 2032.92]",0.6
20,1,person,"[389.95, 1647.76, 743.26, 2663.42]",0.88
20,2,person,"[1185.19, 1654.42, 1408.23, 2382.19]",0.85
20,3,person,"[14.82, 1581.27, 355.51, 2769.41]",0.9
20,4,person,"[1774.99, 1678.42, 1957.79, 2126.74]",0.76
20,6,person,"[1014.48, 1717.47, 1203.16, 2378.15]",0.76
20,7,person,"[872.39, 1706.84, 1009.11, 2137.4]",0.74
20,8,person,"[688.22, 1700.82, 845.82, 2108.26]",0.66
20,9,backpack,"[1031.18, 1819.74, 1180.17, 2037.49]",0.4
21,1,person,"[393.12, 1648.62, 744.49, 2655.4]",0.88
21,2,person,"[1182.5, 1658.68, 1412.36, 2407.94]",0.85
21,3,person,"[15.98, 1590.47, 361.31, 2785.97]",0.9
21,4,person,"[1778.04, 1680.88, 1959.88, 2132.25]",0.79
21,6,person,"[1014.04, 1720.4, 1203.3, 2382.65]",0.78
21,7,person,"[871.87, 1703.79, 1009.86, 2135.47]",0.74
21,8,person,"[686.96, 1699.66, 843.78, 2104.89]",0.65
21,9,backpack,"[1031.57, 1827.9, 1179.23, 2041.84]",0.45
21,29,person,"[1926.22, 1690.42, 2002.43, 1954.33]",0.34
22,1,person,"[395.42, 1648.28, 746.14, 2649.88]",0.88
22,2,person,"[1185.78, 1662.85, 1414.55, 2403.1]",0.85
22,3,person,"[17.87, 1602.06, 365.79, 2796.45]",0.91
22,4,person,"[1782.14, 1683.1, 1963.42, 2136.34]",0.76
22,6,person,"[1012.93, 1722.77, 1203.29, 2388.15]",0.77
22,7,person,"[869.55, 1703.98, 1007.92, 2133.69]",0.76
22,8,person,"[683.56, 1697.22, 838.79, 2098.61]",0.57
22,9,backpack,"[1030.16, 1832.04, 1180.09, 2048.21]",0.63
22,29,person,"[1931.01, 1692.21, 2005.56, 1950.23]",0.38
23,1,person,"[389.43, 1648.77, 749.46, 2676.13]",0.88
23,2,person,"[1187.71, 1665.31, 1417.7, 2408.9]",0.85
23,3,person,"[20.28, 1609.88, 368.83, 2794.37]",0.9
23,4,person,"[1796.61, 1682.0, 1979.36, 2139.15]",0.72
23,6,person,"[1010.56, 1726.42, 1201.9, 2393.31]",0.77
23,7,person,"[869.41, 1703.3, 1008.98, 2135.4]",0.75
23,8,person,"[678.91, 1696.31, 839.93, 2115.17]",0.55
23,9,backpack,"[1031.64, 1840.0, 1183.22, 2058.2]",0.66
24,1,person,"[386.51, 1651.3, 751.47, 2689.77]",0.87
24,2,person,"[1192.28, 1667.75, 1423.0, 2413.17]",0.83
24,3,person,"[21.24, 1616.09, 371.92, 2794.54]",0.9
24,4,person,"[1796.64, 1682.91, 1981.53, 2138.97]",0.71
24,6,person,"[1009.86, 1731.08, 1201.7, 2399.25]",0.74
24,7,person,"[868.76, 1704.67, 1010.13, 2142.44]",0.72
24,8,person,"[679.57, 1695.08, 836.1, 2103.49]",0.57
24,9,backpack,"[1028.58, 1838.06, 1183.75, 2060.7]",0.58
25,1,person,"[382.12, 1653.16, 754.66, 2713.45]",0.86
25,2,person,"[1196.67, 1668.7, 1424.27, 2400.7]",0.84
25,3,person,"[20.78, 1618.84, 375.47, 2798.23]",0.9
25,4,person,"[1800.3, 1683.18, 1989.51, 2143.64]",0.69
25,6,person,"[1009.45, 1728.21, 1199.84, 2389.57]",0.71
25,7,person,"[867.73, 1705.67, 1009.55, 2143.88]",0.74
25,8,person,"[676.96, 1695.08, 834.94, 2110.39]",0.59
25,9,backpack,"[1024.59, 1836.32, 1184.11, 2064.31]",0.54
26,1,person,"[379.2, 1652.92, 757.43, 2732.99]",0.87
26,2,person,"[1199.59, 1668.12, 1426.86, 2398.94]",0.82
26,3,person,"[17.92, 1616.55, 376.09, 2797.51]",0.91
26,4,person,"[1803.47, 1683.89, 1990.23, 2138.95]",0.71
26,6,person,"[1010.73, 1727.43, 1199.97, 2382.85]",0.74
26,7,person,"[863.67, 1704.35, 1010.12, 2155.28]",0.73
26,8,person,"[673.66, 1694.35, 832.74, 2114.16]",0.57
26,9,backpack,"[1029.23, 1836.74, 1183.58, 2056.84]",0.25
27,1,person,"[377.89, 1655.71, 757.45, 2742.59]",0.87
27,2,person,"[1198.55, 1662.65, 1429.5, 2406.95]",0.83
27,3,person,"[11.46, 1614.93, 372.68, 2801.37]",0.91
27,4,person,"[1802.56, 1683.36, 1991.72, 2142.83]",0.74
27,6,person,"[1010.6, 1728.66, 1197.26, 2371.19]",0.78
27,7,person,"[862.2, 1704.05, 1007.42, 2149.39]",0.71
27,8,person,"[673.22, 1693.82, 832.3, 2114.82]",0.57
28,1,person,"[378.94, 1658.38, 757.11, 2744.5]",0.87
28,2,person,"[1201.33, 1657.97, 1431.5, 2401.02]",0.81
28,3,person,"[8.89, 1606.7, 365.81, 2775.6]",0.9
28,4,person,"[1813.34, 1681.89, 2000.42, 2137.74]",0.75
28,6,person,"[1010.32, 1723.66, 1196.59, 2361.44]",0.79
28,7,person,"[857.55, 1704.25, 1003.23, 2147.48]",0.72
28,8,person,"[673.69, 1693.66, 832.05, 2112.84]",0.59
28,9,backpack,"[1028.3, 1825.54, 1180.65, 2040.92]",0.41
29,1,person,"[383.07, 1660.25, 758.28, 2740.23]",0.86
29,2,person,"[1202.68, 1654.37, 1430.9, 2390.99]",0.81
29,3,person,"[5.67, 1590.17, 357.88, 2741.98]",0.89
29,4,person,"[1822.28, 1682.22, 2005.43, 2130.07]",0.77
29,6,person,"[1009.33, 1718.17, 1196.25, 2355.09]",0.79
29,7,person,"[855.22, 1703.05, 1005.57, 2159.23]",0.74
29,8,person,"[675.42, 1696.21, 831.66, 2111.62]",0.57
29,9,backpack,"[1025.23, 1818.15, 1180.31, 2034.95]",0.47
30,1,person,"[384.61, 1661.55, 757.64, 2737.35]",0.86
30,2,person,"[1203.43, 1650.15, 1431.64, 2386.77]",0.83
30,3,person,"[0.19, 1580.17, 342.21, 2704.53]",0.9
30,4,person,"[1830.67, 1684.12, 2011.5, 2127.38]",0.76
30,6,person,"[1008.32, 1713.08, 1196.36, 2349.88]",0.8
30,7,person,"[853.45, 1703.5, 1004.76, 2160.04]",0.74
30,8,person,"[676.46, 1698.44, 827.18, 2100.07]",0.5
30,9,backpack,"[1020.19, 1800.64, 1186.24, 2032.9]",0.26
31,1,person,"[382.31, 1652.72, 756.28, 2735.72]",0.84
31,2,person,"[1204.42, 1644.71, 1435.8, 2392.26]",0.83
31,3,person,"[0.0, 1572.53, 334.82, 2688.66]",0.9
31,4,person,"[1836.72, 1684.14, 2016.86, 2128.38]",0.77
31,6,person,"[1006.81, 1709.14, 1196.8, 2348.96]",0.8
31,7,person,"[856.18, 1704.23, 1006.81, 2157.84]",0.75
31,8,person,"[677.49, 1700.33, 822.21, 2087.22]",0.56
32,1,person,"[395.51, 1647.97, 746.72, 2659.35]",0.86
32,2,person,"[1205.67, 1641.65, 1436.49, 2386.22]",0.83
32,3,person,"[0.0, 1567.51, 333.56, 2698.04]",0.89
32,4,person,"[1842.24, 1683.95, 2021.27, 2128.46]",0.76
32,6,person,"[1004.45, 1706.18, 1196.32, 2348.98]",0.79
32,7,person,"[857.63, 1702.9, 1006.65, 2151.88]",0.77
32,8,person,"[677.4, 1702.05, 820.31, 2083.58]",0.61
32,9,backpack,"[1013.25, 1798.92, 1173.91, 2023.61]",0.4
33,1,person,"[396.81, 1641.33, 740.78, 2629.52]",0.85
33,2,person,"[1206.79, 1638.84, 1439.51, 2387.56]",0.82
33,3,person,"[0.0, 1564.96, 333.72, 2704.41]",0.89
33,4,person,"[1845.61, 1681.63, 2022.69, 2126.08]",0.76
33,6,person,"[1003.24, 1706.57, 1196.78, 2352.83]",0.79
33,7,person,"[855.84, 1703.34, 1004.64, 2152.22]",0.75
33,8,person,"[677.3, 1702.12, 818.78, 2078.75]",0.59
33,9,backpack,"[1014.1, 1796.41, 1175.75, 2022.08]",0.28
34,1,person,"[390.47, 1640.38, 740.36, 2648.69]",0.87
34,2,person,"[1205.89, 1637.16, 1442.74, 2397.76]",0.84
34,3,person,"[0.0, 1566.01, 341.35, 2715.44]",0.89
34,4,person,"[1852.49, 1677.29, 2028.6, 2122.68]",0.78
34,6,person,"[1001.87, 1704.03, 1197.81, 2356.7]",0.77
34,7,person,"[855.43, 1699.96, 1005.06, 2152.85]",0.73
34,8,person,"[675.51, 1698.9, 817.48, 2076.69]",0.6
34,9,backpack,"[1014.97, 1799.09, 1177.53, 2024.41]",0.44
35,1,person,"[391.14, 1637.63, 736.57, 2634.75]",0.87
35,2,person,"[1206.22, 1637.07, 1446.55, 2406.9]",0.84
35,3,person,"[9.87, 1565.36, 357.36, 2721.55]",0.9
35,4,person,"[1857.52, 1675.66, 2034.1, 2124.65]",0.82
35,6,person,"[1004.68, 1710.09, 1197.23, 2348.66]",0.76
35,7,person,"[854.6, 1695.97, 1003.76, 2149.08]",0.73
35,8,person,"[673.77, 1695.77, 818.84, 2081.59]",0.57
35,9,backpack,"[1013.56, 1793.09, 1179.2, 2022.96]",0.32
36,1,person,"[389.31, 1636.22, 733.41, 2630.91]",0.87
36,2,person,"[1206.99, 1641.03, 1448.28, 2412.48]",0.84
36,3,person,"[21.17, 1572.37, 374.84, 2732.24]",0.89
36,4,person,"[1860.62, 1674.2, 2037.38, 2127.29]",0.81
36,6,person,"[1008.26, 1711.75, 1196.14, 2331.77]",0.75
36,7,person,"[851.77, 1695.89, 1003.64, 2158.02]",0.74
36,8,person,"[672.27, 1694.02, 818.26, 2081.85]",0.6
36,9,backpack,"[1017.19, 1801.22, 1178.99, 2024.93]",0.35
37,1,person,"[384.5, 1634.53, 725.99, 2621.64]",0.88
37,2,person,"[1209.42, 1644.84, 1449.83, 2410.76]",0.84
37,3,person,"[28.43, 1582.11, 386.51, 2736.73]",0.89
37,4,person,"[1862.5, 1674.3, 2037.75, 2126.76]",0.8
37,6,person,"[1009.4, 1719.0, 1195.13, 2328.81]",0.75
37,7,person,"[850.77, 1698.25, 1004.13, 2165.0]",0.74
37,8,person,"[670.88, 1694.61, 818.33, 2086.5]",0.59
37,9,backpack,"[1020.2, 1819.38, 1171.64, 2027.68]",0.45
37,51,person,"[270.73, 1721.52, 381.66, 2109.25]",0.47
38,1,person,"[381.31, 1637.48, 727.46, 2637.95]",0.88
38,2,person,"[1209.22, 1650.16, 1451.06, 2420.55]",0.85
38,3,person,"[30.19, 1587.37, 390.12, 2731.67]",0.89
38,4,person,"[1865.71, 1674.87, 2040.99, 2131.43]",0.81
38,6,person,"[1008.53, 1722.51, 1197.93, 2343.83]",0.75
38,7,person,"[848.38, 1703.53, 1002.35, 2171.71]",0.74
38,8,person,"[671.55, 1695.3, 819.09, 2090.4]",0.56
38,9,backpack,"[1021.81, 1819.03, 1177.29, 2031.54]",0.36
38,51,person,"[268.8, 1735.63, 378.08, 2117.84]",0.26
39,1,person,"[377.85, 1638.69, 723.86, 2639.84]",0.87
39,2,person,"[1208.61, 1654.32, 1451.05, 2428.31]",0.84
39,3,person,"[29.57, 1589.64, 394.32, 2735.12]",0.9
39,4,person,"[1868.25, 1676.58, 2042.33, 2134.59]",0.81
39,6,person,"[1010.71, 1726.12, 1199.76, 2343.38]",0.75
39,7,person,"[847.16, 1704.51, 998.62, 2163.62]",0.78
39,8,person,"[671.53, 1691.04, 822.71, 2098.11]",0.55
39,9,backpack,"[1020.55, 1814.7, 1184.05, 2038.63]",0.43
39,51,person,"[270.32, 1739.48, 380.65, 2123.42]",0.35
40,1,person,"[375.05, 1639.88, 721.97, 2643.68]",0.87
40,2,person,"[1209.0, 1659.8, 1449.36, 2426.57]",0.83
40,3,person,"[23.81, 1591.11, 393.36, 2742.7]",0.9
40,4,person,"[1870.53, 1678.3, 2043.26, 2136.45]",0.82
40,6,person,"[1012.97, 1724.71, 1202.45, 2339.33]",0.74
40,7,person,"[846.35, 1706.25, 1000.59, 2173.75]",0.73
40,8,person,"[671.14, 1690.34, 825.09, 2109.76]",0.63
40,9,backpack,"[1017.53, 1807.7, 1186.68, 2040.34]",0.46
40,51,person,"[279.27, 1824.63, 366.57, 2122.95]",0.35
40,56,person,"[2020.18, 1685.84, 2104.99, 1959.31]",0.37
41,1,person,"[374.21, 1641.83, 726.24, 2663.87]",0.87
41,2,person,"[1209.67, 1662.42, 1449.32, 2426.16]",0.84
41,3,person,"[18.53, 1596.74, 388.49, 2741.53]",0.9
41,4,person,"[1873.26, 1679.18, 2046.17, 2139.8]",0.79
41,6,person,"[1014.14, 1718.99, 1206.31, 2338.94]",0.75
41,7,person,"[849.07, 1706.32, 1003.92, 2175.41]",0.73
41,8,person,"[677.55, 1687.54, 829.79, 2102.28]",0.6
41,9,backpack,"[1015.2, 1795.26, 1193.09, 2040.89]",0.55
41,51,person,"[278.5, 1848.08, 361.21, 2128.81]",0.26
42,1,person,"[376.11, 1643.16, 731.43, 2678.86]",0.85
42,2,person,"[1208.7, 1662.56, 1449.02, 2427.74]",0.81
42,3,person,"[13.53, 1597.92, 384.57, 2740.88]",0.89
42,4,person,"[1875.66, 1680.14, 2048.12, 2141.35]",0.79
42,6,person,"[1014.37, 1717.69, 1212.56, 2356.57]",0.73
42,7,person,"[849.52, 1706.21, 1004.03, 2173.32]",0.73
42,8,person,"[681.88, 1688.36, 833.12, 2100.98]",0.62
42,9,backpack,"[1025.28, 1809.81, 1190.37, 2036.02]",0.67
42,56,person,"[2032.44, 1686.75, 2119.77, 1967.56]",0.32
43,1,person,"[377.15, 1641.29, 734.98, 2690.91]",0.83
43,2,person,"[1209.05, 1661.22, 1447.74, 2419.07]",0.82
43,3,person,"[8.97, 1595.43, 381.65, 2741.44]",0.89
43,4,person,"[1876.27, 1681.12, 2048.9, 2143.13]",0.78
43,6,person,"[1014.14, 1722.93, 1211.73, 2356.92]",0.77
43,7,person,"[849.76, 1703.05, 1000.64, 2157.68]",0.74
43,8,person,"[680.54, 1688.26, 833.11, 2105.3]",0.61
43,9,backpack,"[1025.44, 1809.77, 1192.55, 2038.56]",0.67
43,56,person,"[2038.58, 1687.04, 2126.35, 1968.06]",0.45
44,1,person,"[381.1, 1642.7, 737.51, 2689.0]",0.84
44,2,person,"[1208.34, 1657.06, 1450.77, 2426.74]",0.82
44,3,person,"[4.7, 1595.21, 374.4, 2730.44]",0.89
44,4,person,"[1876.39, 1680.96, 2048.25, 2142.56]",0.75
44,6,person,"[1012.05, 1712.5, 1212.16, 2354.66]",0.77
44,7,person,"[849.57, 1704.14, 1003.72, 2168.19]",0.73
44,8,person,"[683.6, 1689.33, 833.29, 2099.81]",0.7
44,9,backpack,"[1024.1, 1800.34, 1197.24, 2038.09]",0.5
44,56,person,"[2042.8, 1686.12, 2131.64, 1969.62]",0.34
45,1,person,"[384.76, 1651.44, 738.79, 2692.63]",0.86
45,2,person,"[1209.64, 1655.58, 1450.51, 2418.47]",0.83
45,3,person,"[3.01, 1595.47, 368.56, 2716.4]",0.88
45,4,person,"[1879.26, 1680.68, 2048.99, 2138.06]",0.72
45,6,person,"[1013.25, 1707.36, 1214.19, 2352.41]",0.8
45,7,person,"[850.91, 1705.26, 1002.51, 2159.25]",0.73
45,8,person,"[687.54, 1689.81, 836.06, 2098.44]",0.67
45,9,backpack,"[1032.49, 1801.83, 1199.65, 2031.04]",0.38
45,56,person,"[2058.96, 1691.87, 2143.59, 1961.35]",0.61
46,1,person,"[390.08, 1658.63, 744.0, 2699.98]",0.84
46,2,person,"[1210.77, 1650.85, 1450.28, 2405.85]",0.84
46,3,person,"[4.53, 1587.91, 365.5, 2691.06]",0.88
46,4,person,"[1880.57, 1679.97, 2049.84, 2136.75]",0.75
46,6,person,"[1014.31, 1698.68, 1218.2, 2353.13]",0.78
46,7,person,"[850.78, 1702.06, 1000.75, 2147.84]",0.73
46,8,person,"[688.78, 1690.65, 835.85, 2096.3]",0.71
46,56,person,"[2063.51, 1686.71, 2150.96, 1964.48]",0.51
47,1,person,"[402.64, 1657.5, 738.94, 2638.1]",0.85
47,2,person,"[1212.71, 1647.85, 1450.72, 2393.86]",0.87
47,3,person,"[13.17, 1587.55, 367.84, 2667.04]",0.87
47,4,person,"[1882.68, 1678.26, 2050.71, 2132.94]",0.74
47,6,person,"[1015.66, 1693.82, 1221.2, 2353.75]",0.79
47,7,person,"[848.7, 1699.72, 1004.4, 2162.14]",0.73
47,8,person,"[689.15, 1690.37, 837.81, 2103.77]",0.61
47,56,person,"[2069.83, 1694.5, 2154.11, 1961.59]",0.64
47,9,backpack,"[1040.31, 1804.81, 1197.77, 2021.87]",0.33
48,1,person,"[404.61, 1653.41, 746.64, 2647.28]",0.84
48,2,person,"[1215.78, 1643.85, 1454.23, 2389.08]",0.88
48,3,person,"[30.09, 1585.69, 383.83, 2658.98]",0.86
48,4,person,"[1887.06, 1676.82, 2053.1, 2125.44]",0.76
48,6,person,"[1016.69, 1688.92, 1223.92, 2356.1]",0.8
48,7,person,"[850.21, 1699.43, 1006.26, 2163.49]",0.75
48,8,person,"[691.03, 1692.18, 838.97, 2103.14]",0.64
48,56,person,"[2072.53, 1685.45, 2160.0, 1971.04]",0.62
48,9,backpack,"[1033.31, 1776.73, 1209.93, 2020.26]",0.61
49,1,person,"[411.7, 1648.83, 749.15, 2625.45]",0.83
49,2,person,"[1215.38, 1639.62, 1455.11, 2385.24]",0.86
49,3,person,"[38.48, 1582.1, 395.05, 2659.86]",0.86
49,4,person,"[1893.13, 1673.48, 2058.91, 2121.32]",0.78
49,6,person,"[1017.16, 1676.92, 1226.18, 2351.97]",0.77
49,7,person,"[850.35, 1698.67, 1006.58, 2164.15]",0.75
49,8,person,"[690.23, 1684.86, 843.73, 2110.08]",0.61
49,56,person,"[2078.01, 1682.9, 2160.0, 1974.16]",0.53
49,9,backpack,"[1030.66, 1760.97, 1217.18, 2019.01]",0.61
50,1,person,"[418.29, 1637.42, 757.73, 2619.63]",0.84
50,2,person,"[1214.36, 1636.92, 1457.55, 2392.02]",0.87
50,3,person,"[43.51, 1573.36, 404.0, 2656.55]",0.86
50,4,person,"[1899.49, 1669.58, 2064.78, 2114.88]",0.8
50,6,person,"[1019.28, 1681.54, 1227.61, 2355.42]",0.77
50,7,person,"[849.91, 1696.59, 1007.26, 2166.18]",0.75
50,8,person,"[690.45, 1682.07, 845.63, 2108.82]",0.62
50,56,person,"[2081.1, 1668.8, 2160.0, 1970.62]",0.48
50,9,backpack,"[1035.72, 1771.84, 1215.45, 2018.77]",0.58
51,1,person,"[428.87, 1633.56, 768.72, 2612.49]",0.86
51,2,person,"[1216.47, 1635.83, 1461.22, 2394.26]",0.89
51,3,person,"[44.46, 1559.29, 415.3, 2667.88]",0.85
51,4,person,"[1904.09, 1668.81, 2068.29, 2110.37]",0.8
51,6,person,"[1020.58, 1676.92, 1229.93, 2356.1]",0.77
51,7,person,"[851.64, 1696.5, 1007.09, 2160.66]",0.75
51,8,person,"[694.12, 1682.26, 846.86, 2098.33]",0.6
51,9,backpack,"[1037.82, 1777.96, 1214.53, 2018.84]",0.59
52,1,person,"[432.64, 1626.61, 773.36, 2602.35]",0.84
52,2,person,"[1221.72, 1632.46, 1465.82, 2391.12]",0.88
52,3,person,"[44.95, 1559.19, 418.73, 2670.7]",0.86
52,4,person,"[1911.86, 1666.72, 2078.08, 2113.05]",0.82
52,6,person,"[1026.23, 1696.34, 1230.44, 2358.9]",0.77
52,7,person,"[851.1, 1697.16, 1006.24, 2161.75]",0.75
52,8,person,"[692.99, 1683.23, 850.25, 2110.72]",0.58
52,9,backpack,"[1044.92, 1790.82, 1215.5, 2022.56]",0.66
53,1,person,"[436.69, 1622.31, 778.82, 2593.09]",0.86
53,2,person,"[1225.95, 1633.53, 1471.67, 2400.76]",0.88
53,3,person,"[44.91, 1568.2, 423.51, 2689.23]",0.86
53,4,person,"[1918.03, 1666.92, 2084.73, 2114.81]",0.82
53,6,person,"[1025.8, 1687.11, 1231.4, 2355.35]",0.66
53,7,person,"[851.79, 1697.07, 1007.23, 2164.78]",0.77
53,8,person,"[695.08, 1683.02, 850.01, 2102.42]",0.56
53,9,backpack,"[1045.29, 1785.6, 1222.52, 2027.54]",0.58
53,66,person,"[1603.06, 1710.99, 1664.47, 1840.52]",0.37
53,67,person,"[1690.87, 1698.06, 1753.23, 1854.64]",0.39
53,68,person,"[6.16, 1696.38, 139.69, 2462.58]",0.34
54,1,person,"[441.5, 1622.09, 783.0, 2583.61]",0.87
54,2,person,"[1229.71, 1635.16, 1475.09, 2404.39]",0.9
54,3,person,"[55.13, 1578.52, 436.09, 2703.7]",0.86
54,4,person,"[1922.99, 1669.45, 2088.37, 2114.41]",0.81
54,6,person,"[1031.52, 1701.51, 1232.93, 2354.36]",0.75
54,7,person,"[853.08, 1697.4, 1006.37, 2159.38]",0.77
54,8,person,"[697.88, 1683.8, 849.65, 2090.53]",0.5
54,9,backpack,"[1042.2, 1784.24, 1222.62, 2031.55]",0.66
54,66,person,"[1602.52, 1710.22, 1664.89, 1841.95]",0.32
54,67,person,"[1688.41, 1694.76, 1752.0, 1854.71]",0.32
54,68,person,"[1.24, 1682.14, 138.94, 2473.82]",0.48
55,1,person,"[441.07, 1623.35, 792.93, 2612.06]",0.83
55,2,person,"[1231.94, 1639.94, 1476.41, 2410.35]",0.88
55,3,person,"[60.52, 1584.59, 445.26, 2720.88]",0.86
55,4,person,"[1929.51, 1669.7, 2095.35, 2116.98]",0.8
55,6,person,"[1033.72, 1709.45, 1236.47, 2364.87]",0.75
55,7,person,"[854.43, 1697.27, 1010.24, 2168.02]",0.77
55,8,person,"[697.84, 1686.94, 851.62, 2096.79]",0.46
55,9,backpack,"[1037.89, 1782.52, 1221.19, 2035.03]",0.59
55,66,person,"[1601.66, 1710.96, 1664.4, 1843.87]",0.28
55,67,person,"[1693.06, 1696.19, 1757.16, 1857.02]",0.36
55,68,person,"[0.0, 1669.02, 141.43, 2488.06]",0.41
56,1,person,"[443.08, 1626.62, 801.01, 2631.28]",0.85
56,2,person,"[1233.86, 1643.71, 1480.26, 2424.24]",0.86
56,3,person,"[65.92, 1596.35, 448.1, 2724.14]",0.83
56,4,person,"[1935.75, 1667.09, 2102.65, 2119.2]",0.78
56,6,person,"[1033.08, 1710.72, 1236.88, 2368.02]",0.73
56,7,person,"[857.6, 1695.4, 1012.9, 2166.81]",0.72
56,8,person,"[701.99, 1688.6, 848.12, 2077.62]",0.42
56,9,backpack,"[1036.38, 1779.72, 1221.11, 2034.37]",0.57
56,66,person,"[1600.79, 1712.92, 1662.7, 1844.48]",0.27
56,67,person,"[1690.6, 1695.31, 1755.49, 1858.7]",0.32
56,68,person,"[0.0, 1672.05, 139.6, 2502.59]",0.33
57,1,person,"[442.16, 1633.07, 803.55, 2644.24]",0.87
57,2,person,"[1240.89, 1648.27, 1483.24, 2418.9]",0.86
57,3,person,"[66.61, 1606.08, 450.72, 2724.79]",0.84
57,4,person,"[1942.36, 1667.37, 2110.1, 2120.72]",0.76
57,6,person,"[1037.45, 1714.42, 1239.39, 2365.35]",0.72
57,7,person,"[857.75, 1698.65, 1014.6, 2177.99]",0.73
57,8,person,"[704.22, 1689.34, 847.8, 2071.12]",0.37
57,9,backpack,"[1039.06, 1770.53, 1226.79, 2030.23]",0.55
57,67,person,"[1687.44, 1690.87, 1753.85, 1859.17]",0.26
57,68,person,"[0.0, 1679.41, 137.68, 2517.29]",0.44
58,1,person,"[455.76, 1637.86, 819.93, 2664.02]",0.86
58,2,person,"[1246.72, 1650.74, 1490.36, 2431.13]",0.85
58,3,person,"[76.38, 1607.68, 463.62, 2725.35]",0.86
58,4,person,"[1945.1, 1668.72, 2114.42, 2125.18]",0.78
58,6,person,"[1039.28, 1716.67, 1240.68, 2364.49]",0.77
58,7,person,"[859.38, 1699.63, 1016.01, 2180.42]",0.73
58,8,person,"[708.71, 1691.04, 850.7, 2068.09]",0.47
58,9,backpack,"[1042.64, 1785.69, 1219.35, 2029.93]",0.58
58,67,person,"[1689.88, 1685.92, 1759.33, 1862.03]",0.29
58,68,person,"[0.0, 1682.04, 137.16, 2529.62]",0.5
59,1,person,"[461.38, 1641.33, 826.81, 2673.7]",0.86
59,2,person,"[1251.7, 1650.67, 1492.64, 2426.5]",0.85
59,3,person,"[74.9, 1607.76, 466.97, 2733.47]",0.86
59,4,person,"[1947.23, 1669.34, 2117.84, 2128.79]",0.79
59,6,person,"[1042.38, 1713.82, 1241.13, 2351.33]",0.74
59,7,person,"[865.07, 1700.57, 1021.29, 2184.8]",0.75
59,8,person,"[711.63, 1691.96, 850.55, 2060.04]",0.48
59,9,backpack,"[1051.48, 1791.35, 1221.4, 2027.43]",0.67
59,67,person,"[1693.32, 1690.05, 1761.75, 1863.46]",0.31
59,68,person,"[0.0, 1690.53, 129.66, 2537.96]",0.39
60,1,person,"[470.3, 1644.69, 834.92, 2680.31]",0.88
60,2,person,"[1256.83, 1650.92, 1498.26, 2432.0]",0.82
60,3,person,"[81.55, 1600.65, 478.0, 2745.64]",0.86
60,4,person,"[1952.09, 1669.44, 2124.15, 2128.73]",0.8
60,6,person,"[1043.36, 1691.04, 1246.61, 2345.29]",0.71
60,7,person,"[868.85, 1701.19, 1024.08, 2187.37]",0.75
60,8,person,"[714.56, 1692.49, 846.97, 2039.97]",0.45
60,9,backpack,"[1056.18, 1790.69, 1227.82, 2029.18]",0.56
60,67,person,"[1695.37, 1690.94, 1763.02, 1862.23]",0.29
60,68,person,"[0.0, 1727.71, 118.84, 2547.57]",0.63
60,66,person,"[1602.81, 1701.43, 1668.76, 1843.05]",0.3
61,1,person,"[469.19, 1649.18, 832.02, 2676.06]",0.9
61,2,person,"[1264.55, 1651.58, 1498.84, 2410.96]",0.82
61,3,person,"[92.11, 1597.09, 488.04, 2744.4]",0.85
61,4,person,"[1956.76, 1671.62, 2126.45, 2118.44]",0.81
61,6,person,"[1043.52, 1679.55, 1248.68, 2341.83]",0.75
61,7,person,"[872.27, 1703.73, 1027.98, 2196.65]",0.75
61,8,person,"[716.28, 1691.9, 845.96, 2028.36]",0.48
61,9,backpack,"[1057.64, 1789.28, 1227.38, 2024.82]",0.64
61,67,person,"[1698.41, 1692.48, 1767.08, 1866.19]",0.42
61,68,person,"[0.0, 1742.36, 117.03, 2555.83]",0.66
61,66,person,"[1606.95, 1707.56, 1670.71, 1844.14]",0.36
62,1,person,"[488.41, 1653.63, 833.39, 2622.95]",0.83
62,2,person,"[1270.77, 1647.42, 1504.56, 2405.42]",0.83
62,3,person,"[105.8, 1592.93, 477.05, 2662.52]",0.85
62,4,person,"[1964.9, 1673.7, 2136.16, 2117.34]",0.77
62,6,person,"[1048.08, 1693.82, 1249.27, 2343.93]",0.75
62,7,person,"[875.97, 1703.0, 1028.38, 2190.24]",0.73
62,8,person,"[714.86, 1688.49, 848.53, 2032.83]",0.49
62,9,backpack,"[1062.4, 1795.79, 1225.49, 2021.57]",0.45
62,67,person,"[1693.98, 1688.81, 1765.08, 1868.25]",0.36
62,68,person,"[0.0, 1717.06, 127.3, 2575.82]",0.67
62,66,person,"[1610.33, 1710.66, 1673.38, 1844.53]",0.34
63,1,person,"[498.6, 1653.22, 835.93, 2594.89]",0.83
63,2,person,"[1273.65, 1640.32, 1506.98, 2395.89]",0.83
63,3,person,"[107.13, 1590.92, 468.72, 2629.36]",0.85
63,4,person,"[1971.28, 1672.99, 2145.01, 2119.68]",0.75
63,6,person,"[1051.13, 1700.94, 1251.97, 2348.78]",0.77
63,7,person,"[878.18, 1703.68, 1027.03, 2183.41]",0.73
63,8,person,"[716.69, 1687.66, 850.21, 2028.95]",0.44
63,9,backpack,"[1058.16, 1785.68, 1225.66, 2018.75]",0.45
63,67,person,"[1689.32, 1684.21, 1761.38, 1866.49]",0.39
63,68,person,"[0.0, 1711.35, 128.38, 2583.82]",0.61
63,66,person,"[1609.46, 1711.12, 1670.86, 1842.66]",0.27
64,1,person,"[505.67, 1647.54, 837.83, 2571.81]",0.86
64,2,person,"[1277.22, 1634.57, 1510.55, 2390.9]",0.84
64,3,person,"[104.86, 1585.5, 470.89, 2629.05]",0.86
64,4,person,"[1977.1, 1673.84, 2148.83, 2114.61]",0.72
64,6,person,"[1052.89, 1704.99, 1253.48, 2351.7]",0.8
64,7,person,"[879.29, 1703.11, 1029.08, 2188.95]",0.72
64,8,person,"[715.19, 1687.27, 854.9, 2045.46]",0.44
64,9,backpack,"[1061.31, 1795.24, 1223.2, 2020.42]",0.38
64,68,person,"[0.0, 1716.11, 124.73, 2572.33]",0.31
64,76,person,"[351.74, 1609.06, 553.11, 2171.65]",0.52
65,1,person,"[504.15, 1642.46, 841.39, 2586.04]",0.87
65,2,person,"[1279.82, 1630.58, 1511.1, 2377.02]",0.83
65,3,person,"[96.26, 1580.08, 468.84, 2631.33]",0.86
65,4,person,"[1982.27, 1671.88, 2153.36, 2111.28]",0.75
65,6,person,"[1054.8, 1703.09, 1256.38, 2352.54]",0.81
65,7,person,"[879.52, 1702.58, 1030.06, 2192.69]",0.72
65,8,person,"[712.17, 1687.47, 859.41, 2067.13]",0.45
65,9,backpack,"[1065.31, 1801.35, 1225.19, 2022.07]",0.42
65,76,person,"[343.77, 1610.25, 546.05, 2176.69]",0.46
66,1,person,"[501.5, 1639.42, 840.55, 2593.58]",0.88
66,2,person,"[1280.12, 1626.49, 1513.47, 2377.44]",0.84
66,3,person,"[98.06, 1577.69, 473.18, 2627.78]",0.86
66,4,person,"[1989.07, 1669.65, 2159.61, 2109.86]",0.76
66,6,person,"[1055.79, 1697.96, 1258.97, 2352.8]",0.79
66,7,person,"[882.5, 1701.44, 1032.81, 2191.99]",0.69
66,8,person,"[711.61, 1685.84, 860.25, 2071.56]",0.41
66,9,backpack,"[1064.88, 1797.16, 1230.15, 2025.09]",0.46
66,76,person,"[331.39, 1602.79, 539.04, 2186.3]",0.29
67,1,person,"[503.7, 1637.25, 839.83, 2589.61]",0.89
67,2,person,"[1282.64, 1622.44, 1516.92, 2375.18]",0.84
67,3,person,"[106.01, 1584.9, 483.07, 2631.82]",0.84
67,4,person,"[1996.52, 1670.35, 2160.0, 2108.88]",0.7
67,6,person,"[1054.75, 1688.73, 1260.76, 2352.68]",0.79
67,7,person,"[883.7, 1703.13, 1033.91, 2189.86]",0.73
67,8,person,"[712.16, 1684.87, 861.63, 2076.64]",0.36
67,9,backpack,"[1066.22, 1796.66, 1232.79, 2025.94]",0.36
67,76,person,"[324.16, 1596.47, 529.56, 2175.47]",0.33
67,67,person,"[1688.39, 1693.21, 1754.39, 1860.56]",0.34
67,66,person,"[1618.04, 1704.97, 1680.85, 1839.07]",0.33
68,1,person,"[506.24, 1634.03, 838.42, 2579.65]",0.89
68,2,person,"[1285.62, 1621.88, 1519.73, 2374.89]",0.83
68,3,person,"[120.26, 1587.36, 503.28, 2640.31]",0.82
68,4,person,"[2003.9, 1670.27, 2160.0, 2104.78]",0.67
68,6,person,"[1056.84, 1689.33, 1261.31, 2348.72]",0.77
68,7,person,"[886.14, 1698.7, 1036.96, 2186.52]",0.7
68,8,person,"[712.42, 1683.78, 859.88, 2071.38]",0.33
68,9,backpack,"[1065.04, 1777.29, 1244.44, 2024.94]",0.5
68,76,person,"[317.72, 1594.53, 531.23, 2200.91]",0.29
68,79,person,"[326.47, 1593.21, 515.88, 2567.12]",0.32
68,67,person,"[1686.12, 1698.36, 1750.54, 1861.5]",0.3
68,66,person,"[1618.89, 1705.21, 1681.33, 1838.93]",0.27
69,1,person,"[506.91, 1632.1, 836.27, 2573.66]",0.87
69,2,person,"[1286.75, 1621.33, 1522.74, 2383.49]",0.83
69,3,person,"[137.45, 1589.21, 527.51, 2652.53]",0.8
69,4,person,"[2007.81, 1667.27, 2160.0, 2104.69]",0.7
69,6,person,"[1056.76, 1686.56, 1263.35, 2353.35]",0.78
69,7,person,"[887.67, 1694.71, 1040.13, 2191.05]",0.71
69,8,person,"[712.34, 1683.43, 863.24, 2083.82]",0.35
69,9,backpack,"[1066.42, 1772.15, 1251.09, 2027.02]",0.53
70,1,person,"[508.03, 1630.33, 838.2, 2574.73]",0.86
70,2,person,"[1290.62, 1621.65, 1526.44, 2388.06]",0.84
70,3,person,"[150.5, 1593.71, 545.33, 2663.4]",0.82
70,4,person,"[2012.06, 1664.97, 2160.0, 2101.66]",0.69
70,6,person,"[1058.98, 1694.98, 1265.24, 2360.98]",0.76
70,7,person,"[891.72, 1692.72, 1043.35, 2186.83]",0.72
70,8,person,"[712.99, 1684.3, 866.92, 2095.95]",0.35
70,9,backpack,"[1071.45, 1775.97, 1255.65, 2029.1]",0.52
70,68,person,"[32.29, 1656.43, 173.36, 2521.82]",0.53
70,67,person,"[1686.1, 1693.78, 1753.83, 1864.3]",0.32
71,1,person,"[507.49, 1631.82, 840.27, 2585.09]",0.84
71,2,person,"[1294.45, 1623.45, 1528.14, 2388.03]",0.84
71,3,person,"[155.31, 1594.5, 553.51, 2667.73]",0.82
71,4,person,"[2015.59, 1664.19, 2160.0, 2098.45]",0.7
71,6,person,"[1062.44, 1702.75, 1266.85, 2361.91]",0.78
71,7,person,"[888.88, 1691.04, 1043.1, 2190.89]",0.74
71,8,person,"[714.55, 1683.57, 865.95, 2089.16]",0.37
71,9,backpack,"[1082.89, 1787.67, 1260.0, 2030.0]",0.67
71,83,person,"[1044.77, 1665.32, 1145.12, 1853.2]",0.33
71,68,person,"[33.72, 1646.83, 177.46, 2486.28]",0.55
72,1,person,"[512.07, 1632.92, 843.64, 2582.87]",0.83
72,2,person,"[1299.5, 1626.83, 1529.85, 2384.81]",0.81
72,3,person,"[158.18, 1589.78, 561.29, 2672.34]",0.77
72,4,person,"[2018.5, 1662.77, 2160.0, 2097.6]",0.66
72,6,person,"[1066.35, 1708.23, 1269.12, 2359.84]",0.79
72,7,person,"[881.97, 1689.67, 1039.53, 2192.87]",0.76
72,8,person,"[714.53, 1680.36, 870.15, 2100.71]",0.43
72,9,backpack,"[1086.87, 1794.55, 1260.58, 2030.15]",0.55
72,83,person,"[1047.06, 1666.32, 1147.85, 1855.15]",0.37
72,68,person,"[32.13, 1643.04, 182.41, 2481.76]",0.6
72,85,backpack,"[1331.13, 1758.28, 1520.18, 2020.99]",0.41
73,1,person,"[515.11, 1635.05, 850.89, 2596.54]",0.81
73,2,person,"[1302.38, 1631.22, 1532.46, 2394.03]",0.82
73,3,person,"[159.6, 1593.11, 563.63, 2675.09]",0.8
73,4,person,"[2020.36, 1665.45, 2160.0, 2094.96]",0.71
73,6,person,"[1071.21, 1710.93, 1273.16, 2358.34]",0.83
73,7,person,"[883.54, 1690.42, 1041.88, 2191.85]",0.74
73,8,person,"[716.9, 1680.23, 873.64, 2108.83]",0.35
73,9,backpack,"[1088.21, 1792.72, 1262.47, 2027.26]",0.47
73,83,person,"[1048.72, 1668.51, 1148.94, 1856.43]",0.43
73,68,person,"[33.45, 1641.27, 189.31, 2482.89]",0.39
73,85,backpack,"[1337.34, 1764.06, 1524.11, 2023.91]",0.31
74,1,person,"[515.39, 1636.38, 853.94, 2604.37]",0.84
74,2,person,"[1303.49, 1637.51, 1532.49, 2400.83]",0.82
74,3,person,"[154.27, 1598.3, 556.6, 2675.15]",0.84
74,4,person,"[2022.88, 1668.86, 2160.0, 2098.96]",0.67
74,6,person,"[1076.06, 1709.49, 1276.9, 2350.56]",0.81
74,7,person,"[887.62, 1691.32, 1046.9, 2193.28]",0.75
74,8,person,"[718.16, 1682.2, 874.23, 2112.75]",0.33
74,9,backpack,"[1094.49, 1793.8, 1267.78, 2025.5]",0.33
74,83,person,"[1052.21, 1670.9, 1150.71, 1855.65]",0.39
74,68,person,"[28.74, 1641.08, 193.78, 2501.1]",0.65
75,1,person,"[516.07, 1640.36, 858.33, 2619.46]",0.83
75,2,person,"[1303.57, 1642.42, 1532.44, 2409.96]",0.82
75,3,person,"[147.23, 1602.84, 546.69, 2671.93]",0.84
75,4,person,"[2025.57, 1670.26, 2160.0, 2101.01]",0.7
75,6,person,"[1078.04, 1708.07, 1280.33, 2352.22]",0.83
75,7,person,"[890.4, 1692.17, 1050.67, 2194.77]",0.73
75,8,person,"[722.88, 1682.66, 877.55, 2114.45]",0.3
75,9,backpack,"[1096.84, 1797.56, 1268.62, 2025.22]",0.54
75,83,person,"[1053.07, 1670.56, 1152.79, 1857.47]",0.43
75,68,person,"[24.29, 1644.51, 202.34, 2550.6]",0.74
76,1,person,"[517.4, 1646.42, 858.88, 2620.23]",0.84
76,2,person,"[1305.57, 1645.19, 1530.88, 2402.72]",0.82
76,3,person,"[146.98, 1601.96, 546.96, 2678.48]",0.85
76,4,person,"[2027.78, 1672.1, 2160.0, 2095.06]",0.63
76,6,person,"[1078.76, 1704.23, 1281.65, 2347.61]",0.84
76,7,person,"[889.97, 1691.85, 1051.06, 2195.26]",0.72
76,8,person,"[726.39, 1685.22, 878.82, 2115.5]",0.26
76,9,backpack,"[1099.94, 1796.77, 1272.35, 2024.11]",0.28
76,83,person,"[1053.95, 1669.49, 1153.32, 1855.33]",0.35
76,68,person,"[15.49, 1649.68, 206.7, 2611.83]",0.72
77,1,person,"[523.85, 1653.28, 864.95, 2625.1]",0.86
77,2,person,"[1304.76, 1645.56, 1529.99, 2405.76]",0.8
77,3,person,"[145.15, 1597.67, 545.71, 2684.32]",0.84
77,4,person,"[2029.27, 1670.8, 2160.0, 2099.05]",0.59
77,6,person,"[1080.74, 1703.02, 1285.01, 2347.79]",0.81
77,7,person,"[890.44, 1693.74, 1052.39, 2196.13]",0.7
77,9,backpack,"[1099.35, 1798.7, 1273.08, 2026.0]",0.49
77,83,person,"[1055.46, 1669.18, 1154.85, 1855.0]",0.38
77,68,person,"[6.33, 1665.24, 201.13, 2649.21]",0.61
78,1,person,"[529.19, 1657.59, 870.59, 2626.21]",0.85
78,2,person,"[1308.12, 1644.0, 1529.37, 2388.64]",0.8
78,3,person,"[149.69, 1596.51, 544.64, 2678.37]",0.85
78,4,person,"[2030.88, 1670.06, 2160.0, 2099.87]",0.57
78,6,person,"[1082.13, 1698.72, 1288.36, 2348.54]",0.78
78,7,person,"[890.41, 1694.28, 1052.87, 2193.16]",0.72
78,9,backpack,"[1103.82, 1799.33, 1278.37, 2027.88]",0.6
78,83,person,"[1057.49, 1669.21, 1155.57, 1852.48]",0.33
78,68,person,"[0.0, 1666.5, 191.87, 2654.44]",0.6
79,1,person,"[532.96, 1656.02, 879.11, 2633.13]",0.83
79,2,person,"[1309.77, 1642.23, 1531.57, 2386.12]",0.82
79,3,person,"[163.51, 1593.94, 545.56, 2651.91]",0.87
79,4,person,"[2031.61, 1669.01, 2160.0, 2101.34]",0.54
79,6,person,"[1083.11, 1698.0, 1290.31, 2349.15]",0.82
79,7,person,"[893.13, 1696.03, 1055.9, 2192.24]",0.72
79,9,backpack,"[1109.1, 1800.02, 1279.98, 2023.66]",0.46
79,83,person,"[1060.54, 1669.71, 1157.04, 1850.04]",0.37
79,68,person,"[0.0, 1680.39, 171.57, 2620.05]",0.63
80,1,person,"[537.0, 1654.32, 883.78, 2632.89]",0.82
80,2,person,"[1312.23, 1639.11, 1536.14, 2386.29]",0.82
80,3,person,"[174.54, 1588.64, 544.67, 2625.78]",0.86
80,4,person,"[2032.39, 1667.21, 2160.0, 2101.02]",0.59
80,6,person,"[1085.21, 1697.45, 1291.64, 2346.05]",0.79
80,7,person,"[896.14, 1697.37, 1059.81, 2193.68]",0.73
80,9,backpack,"[1113.93, 1802.15, 1282.57, 2023.32]",0.46
80,83,person,"[1060.94, 1668.55, 1159.46, 1853.04]",0.37
80,68,person,"[0.0, 1696.95, 159.09, 2612.67]",0.68
81,1,person,"[547.01, 1648.64, 882.9, 2589.66]",0.82
81,2,person,"[1313.89, 1635.02, 1537.94, 2378.49]",0.85
81,3,person,"[185.68, 1581.95, 548.34, 2606.14]",0.83
81,4,person,"[2035.0, 1668.81, 2160.0, 2098.04]",0.59
81,6,person,"[1086.66, 1695.79, 1293.95, 2347.48]",0.79
81,7,person,"[898.29, 1699.15, 1063.71, 2200.98]",0.72
81,9,backpack,"[1112.5, 1795.19, 1286.1, 2024.16]",0.53
81,83,person,"[1061.8, 1666.4, 1161.96, 1854.85]",0.32
81,68,person,"[0.0, 1708.04, 149.46, 2609.88]",0.61
81,92,handbag,"[817.44, 2162.72, 951.28, 2405.65]",0.38
82,1,person,"[547.36, 1642.17, 888.04, 2594.01]",0.83
82,2,person,"[1314.81, 1632.26, 1538.43, 2368.54]",0.85
82,3,person,"[185.39, 1575.84, 545.92, 2597.44]",0.83
82,4,person,"[2034.37, 1665.0, 2160.0, 2094.78]",0.65
82,6,person,"[1087.86, 1694.0, 1296.12, 2350.74]",0.77
82,7,person,"[900.22, 1699.25, 1063.43, 2194.17]",0.72
82,9,backpack,"[1110.38, 1790.99, 1287.35, 2026.03]",0.53
82,83,person,"[1067.55, 1666.13, 1165.42, 1849.8]",0.33
82,68,person,"[0.0, 1712.78, 135.13, 2600.12]",0.47
82,92,handbag,"[811.19, 2116.18, 962.36, 2390.62]",0.43
83,1,person,"[547.75, 1637.49, 887.23, 2579.13]",0.84
83,2,person,"[1314.13, 1627.73, 1539.91, 2365.38]",0.85
83,3,person,"[184.05, 1567.98, 547.94, 2600.08]",0.84
83,4,person,"[2034.4, 1663.94, 2160.0, 2093.44]",0.66
83,6,person,"[1088.76, 1694.78, 1297.6, 2355.31]",0.79
83,7,person,"[899.78, 1698.96, 1063.34, 2194.55]",0.73
83,9,backpack,"[1110.93, 1789.12, 1287.26, 2024.98]",0.5
83,83,person,"[1066.76, 1667.66, 1164.68, 1852.11]",0.32
83,92,handbag,"[815.22, 2108.5, 964.72, 2380.15]",0.35
84,1,person,"[548.35, 1629.79, 888.16, 2565.6]",0.84
84,2,person,"[1314.33, 1625.0, 1541.52, 2360.89]",0.85
84,3,person,"[180.03, 1565.97, 547.3, 2606.59]",0.86
84,4,person,"[2033.63, 1658.11, 2160.0, 2091.85]",0.67
84,6,person,"[1091.28, 1697.05, 1300.04, 2358.78]",0.75
84,7,person,"[900.12, 1696.74, 1064.14, 2194.37]",0.74
84,9,backpack,"[1108.52, 1796.95, 1283.45, 2030.02]",0.35
84,83,person,"[1064.19, 1664.12, 1164.45, 1854.61]",0.3
84,92,handbag,"[807.85, 2080.75, 968.38, 2373.59]",0.46
85,1,person,"[550.75, 1625.52, 890.55, 2554.75]",0.86
85,2,person,"[1313.6, 1621.77, 1542.93, 2358.72]",0.84
85,3,person,"[182.1, 1565.61, 551.17, 2613.24]",0.87
85,4,person,"[2036.48, 1655.37, 2160.0, 2089.01]",0.63
85,6,person,"[1093.03, 1696.61, 1299.61, 2353.16]",0.79
85,7,person,"[898.12, 1695.89, 1062.79, 2194.87]",0.75
85,9,backpack,"[1114.61, 1799.99, 1280.14, 2021.45]",0.51
85,83,person,"[1065.52, 1661.18, 1166.59, 1855.03]",0.31
86,1,person,"[551.4, 1620.24, 895.69, 2558.62]",0.86
86,2,person,"[1314.09, 1621.68, 1546.81, 2363.73]",0.81
86,3,person,"[186.87, 1565.11, 558.91, 2624.04]",0.86
86,4,person,"[2045.97, 1662.41, 2160.0, 2087.45]",0.48
86,6,person,"[1095.83, 1695.68, 1300.95, 2347.49]",0.81
86,7,person,"[898.46, 1692.74, 1064.29, 2198.2]",0.74
86,9,backpack,"[1119.2, 1809.58, 1275.61, 2019.01]",0.44
86,92,handbag,"[804.3, 2062.3, 970.28, 2366.67]",0.27
87,1,person,"[550.78, 1616.17, 897.54, 2559.59]",0.85
87,2,person,"[1316.6, 1622.31, 1550.25, 2359.94]",0.75
87,3,person,"[190.51, 1564.12, 565.45, 2635.39]",0.85
87,4,person,"[2047.28, 1666.21, 2160.0, 2087.57]",0.58
87,6,person,"[1099.29, 1693.29, 1301.37, 2335.86]",0.75
87,7,person,"[899.65, 1689.29, 1064.31, 2194.74]",0.76
87,9,backpack,"[1113.34, 1803.81, 1280.73, 2027.32]",0.34
87,100,person,"[1601.12, 1688.73, 1695.82, 1869.92]",0.36
88,1,person,"[552.66, 1614.77, 902.29, 2567.26]",0.86
88,2,person,"[1312.32, 1623.82, 1550.78, 2375.36]",0.74
88,3,person,"[200.3, 1577.51, 572.17, 2641.34]",0.84
88,4,person,"[2051.8, 1675.02, 2160.0, 2087.24]",0.39
88,6,person,"[1100.08, 1691.17, 1302.48, 2335.89]",0.8
88,7,person,"[900.17, 1686.32, 1067.18, 2203.02]",0.76
88,9,backpack,"[1116.67, 1802.39, 1278.71, 2018.8]",0.53
88,100,person,"[1600.1, 1683.11, 1696.71, 1868.35]",0.37
89,1,person,"[554.94, 1614.36, 902.85, 2562.94]",0.86
89,2,person,"[1317.7, 1622.39, 1559.44, 2379.51]",0.78
89,3,person,"[207.87, 1585.27, 578.33, 2647.67]",0.87
89,4,person,"[2055.67, 1672.72, 2160.0, 2087.89]",0.44
89,6,person,"[1100.74, 1688.05, 1301.6, 2329.04]",0.82
89,7,person,"[902.23, 1684.36, 1068.2, 2201.38]",0.75
89,9,backpack,"[1122.72, 1807.44, 1275.46, 2009.84]",0.36
89,100,person,"[1602.22, 1683.94, 1698.51, 1869.37]",0.35
89,103,person,"[123.4, 1547.46, 291.34, 2310.6]",0.55
90,1,person,"[552.55, 1617.3, 903.0, 2574.02]",0.86
90,2,person,"[1318.02, 1621.54, 1560.01, 2376.73]",0.78
90,3,person,"[212.68, 1589.79, 583.46, 2654.32]",0.88
90,4,person,"[2058.86, 1680.6, 2160.0, 2088.2]",0.4
90,6,person,"[1102.84, 1685.22, 1302.44, 2322.53]",0.81
90,7,person,"[904.72, 1683.28, 1069.22, 2198.11]",0.75
90,9,backpack,"[1125.63, 1809.18, 1275.06, 2006.12]",0.28
90,103,person,"[120.21, 1547.9, 289.33, 2313.85]",0.52
91,1,person,"[551.95, 1618.59, 905.28, 2587.97]",0.87
91,2,person,"[1316.96, 1624.2, 1560.45, 2387.93]",0.76
91,3,person,"[208.97, 1589.94, 577.35, 2651.24]",0.85
91,4,person,"[2062.82, 1685.32, 2160.0, 2088.6]",0.44
91,6,person,"[1103.9, 1682.9, 1303.07, 2317.32]",0.82
91,7,person,"[911.09, 1683.48, 1072.64, 2186.91]",0.75
91,103,person,"[109.79, 1551.64, 281.02, 2319.61]",0.54
92,1,person,"[556.69, 1621.4, 909.67, 2594.65]",0.87
92,2,person,"[1316.89, 1626.47, 1558.48, 2391.63]",0.77
92,3,person,"[208.35, 1593.13, 575.2, 2647.08]",0.87
92,4,person,"[2065.74, 1686.74, 2160.0, 2091.66]",0.29
92,6,person,"[1105.85, 1680.55, 1305.02, 2314.86]",0.81
92,7,person,"[913.61, 1683.69, 1074.9, 2184.58]",0.76
92,103,person,"[101.02, 1548.14, 280.8, 2343.18]",0.66
92,9,backpack,"[1129.2, 1808.49, 1276.97, 2002.2]",0.4
93,1,person,"[561.82, 1629.9, 911.66, 2599.23]",0.86
93,2,person,"[1319.42, 1630.35, 1558.24, 2394.11]",0.74
93,3,person,"[206.14, 1594.5, 574.84, 2652.77]",0.87
93,6,person,"[1105.63, 1679.64, 1307.04, 2319.98]",0.8
93,7,person,"[913.18, 1684.06, 1074.66, 2185.5]",0.77
93,103,person,"[89.36, 1534.68, 279.94, 2363.73]",0.72
93,106,person,"[1482.91, 1715.09, 1650.65, 2214.9]",0.42
93,9,backpack,"[1130.09, 1797.88, 1283.58, 1999.73]",0.42
94,1,person,"[564.26, 1635.87, 913.71, 2607.46]",0.86
94,2,person,"[1329.58, 1633.88, 1566.25, 2392.81]",0.72
94,3,person,"[208.17, 1591.6, 577.95, 2656.46]",0.87
94,6,person,"[1107.06, 1681.36, 1309.58, 2324.79]",0.79
94,7,person,"[913.62, 1683.87, 1076.16, 2187.77]",0.77
94,103,person,"[78.31, 1534.57, 277.18, 2383.12]",0.7
94,106,person,"[1494.55, 1709.05, 1669.61, 2231.55]",0.38
94,9,backpack,"[1134.11, 1796.65, 1287.17, 1999.2]",0.43
94,85,backpack,"[1387.42, 1769.21, 1560.29, 2016.61]",0.51
95,1,person,"[562.5, 1638.19, 911.62, 2610.37]",0.85
95,2,person,"[1334.72, 1636.65, 1569.97, 2395.74]",0.72
95,3,person,"[209.37, 1587.94, 577.08, 2648.61]",0.88
95,6,person,"[1109.28, 1683.43, 1311.31, 2325.56]",0.76
95,7,person,"[915.01, 1684.19, 1077.74, 2187.8]",0.76
95,103,person,"[55.48, 1535.59, 264.94, 2409.77]",0.73
95,106,person,"[1500.67, 1707.4, 1680.41, 2244.76]",0.5
95,9,backpack,"[1134.83, 1795.99, 1287.87, 1999.64]",0.54
95,85,backpack,"[1392.54, 1768.97, 1562.84, 2016.55]",0.47
96,1,person,"[561.1, 1634.76, 911.79, 2613.55]",0.83
96,2,person,"[1339.13, 1636.39, 1571.05, 2390.33]",0.66
96,3,person,"[211.44, 1586.29, 571.68, 2626.66]",0.87
96,6,person,"[1113.17, 1688.04, 1313.2, 2321.61]",0.77
96,7,person,"[915.69, 1684.98, 1080.78, 2198.17]",0.76
96,103,person,"[39.92, 1531.65, 256.93, 2416.82]",0.79
96,106,person,"[1510.43, 1714.12, 1691.98, 2257.66]",0.65
96,9,backpack,"[1136.45, 1798.61, 1289.11, 2003.26]",0.36
96,85,backpack,"[1394.82, 1767.53, 1564.87, 2017.88]",0.52
96,110,person,"[1057.35, 1657.61, 1178.15, 2038.38]",0.45
97,1,person,"[561.0, 1629.22, 907.48, 2597.82]",0.83
97,2,person,"[1340.3, 1634.3, 1569.6, 2386.41]",0.68
97,3,person,"[212.58, 1583.55, 566.17, 2604.02]",0.86
97,6,person,"[1118.32, 1692.36, 1315.95, 2316.41]",0.78
97,7,person,"[918.76, 1687.04, 1080.22, 2189.31]",0.75
97,103,person,"[25.3, 1513.35, 255.81, 2439.39]",0.81
97,106,person,"[1515.24, 1705.25, 1700.42, 2260.43]",0.67
97,9,backpack,"[1135.74, 1806.87, 1283.79, 2005.1]",0.36
97,85,backpack,"[1413.23, 1796.92, 1561.29, 2014.66]",0.43
97,110,person,"[1058.59, 1655.6, 1179.6, 2036.93]",0.53
98,1,person,"[561.12, 1626.32, 902.31, 2579.7]",0.83
98,2,person,"[1342.44, 1631.74, 1569.73, 2383.15]",0.74
98,3,person,"[217.34, 1576.52, 566.54, 2581.99]",0.86
98,6,person,"[1123.74, 1698.1, 1319.53, 2315.85]",0.77
98,7,person,"[918.83, 1689.4, 1080.78, 2194.28]",0.73
98,103,person,"[18.95, 1525.24, 254.09, 2457.0]",0.8
98,106,person,"[1523.22, 1711.2, 1712.33, 2278.86]",0.72
98,9,backpack,"[1137.82, 1807.5, 1284.73, 2005.36]",0.62
98,85,backpack,"[1413.31, 1784.47, 1566.58, 2012.69]",0.52
98,110,person,"[1060.75, 1656.81, 1180.51, 2033.77]",0.52
99,1,person,"[560.71, 1624.42, 898.04, 2565.72]",0.86
99,2,person,"[1346.19, 1630.72, 1569.54, 2372.85]",0.8
99,3,person,"[216.72, 1570.52, 567.2, 2574.41]",0.86
99,6,person,"[1126.24, 1699.2, 1325.16, 2328.17]",0.76
99,7,person,"[919.04, 1691.41, 1080.98, 2196.82]",0.75
99,103,person,"[10.48, 1525.24, 248.29, 2463.35]",0.74
99,106,person,"[1531.96, 1726.15, 1721.51, 2295.25]",0.71
99,9,backpack,"[1141.64, 1810.5, 1287.28, 2006.67]",0.53
99,85,backpack,"[1425.87, 1803.55, 1561.0, 2002.56]",0.44
99,110,person,"[1062.37, 1656.92, 1181.09, 2029.71]",0.57
100,1,person,"[566.24, 1622.1, 896.92, 2539.45]",0.85
100,2,person,"[1349.73, 1625.6, 1568.9, 2354.74]",0.81
100,3,person,"[213.37, 1567.6, 564.89, 2566.65]",0.84
100,6,person,"[1129.22, 1701.81, 1325.04, 2318.87]",0.76
100,7,person,"[918.92, 1685.62, 1081.42, 2192.79]",0.75
100,103,person,"[4.65, 1529.25, 240.71, 2455.63]",0.76
100,106,person,"[1538.44, 1734.29, 1729.27, 2306.63]",0.7
100,9,backpack,"[1143.89, 1806.72, 1295.04, 2009.5]",0.43
100,85,backpack,"[1418.48, 1778.39, 1567.73, 1999.93]",0.59
100,110,person,"[1064.19, 1655.43, 1183.35, 2028.89]",0.55
101,1,person,"[564.47, 1617.55, 891.47, 2519.56]",0.87
101,2,person,"[1351.84, 1618.57, 1571.07, 2350.24]",0.82
101,3,person,"[215.26, 1565.47, 570.64, 2573.95]",0.81
101,6,person,"[1128.33, 1702.77, 1325.41, 2321.41]",0.75
101,7,person,"[918.85, 1682.27, 1080.6, 2186.87]",0.75
101,103,person,"[5.91, 1539.33, 229.42, 2408.93]",0.72
101,106,person,"[1548.25, 1732.43, 1741.31, 2310.82]",0.79
101,9,backpack,"[1145.29, 1797.33, 1307.27, 2013.37]",0.49
101,85,backpack,"[1415.96, 1763.16, 1570.6, 1994.95]",0.65
101,110,person,"[1062.91, 1655.02, 1183.47, 2032.55]",0.53
102,1,person,"[563.51, 1619.0, 887.87, 2509.4]",0.86
102,2,person,"[1351.77, 1612.08, 1570.55, 2343.84]",0.82
102,3,person,"[222.32, 1558.3, 582.99, 2578.5]",0.83
102,6,person,"[1129.88, 1698.61, 1328.78, 2321.49]",0.75
102,7,person,"[919.48, 1677.27, 1083.91, 2191.62]",0.72
102,103,person,"[4.86, 1542.29, 223.6, 2391.55]",0.68
102,106,person,"[1549.61, 1732.6, 1743.57, 2311.36]",0.78
102,9,backpack,"[1144.2, 1789.42, 1317.27, 2019.28]",0.41
102,85,backpack,"[1411.07, 1748.81, 1571.54, 1990.71]",0.57
102,110,person,"[1061.56, 1652.73, 1184.91, 2038.81]",0.59
103,1,person,"[557.59, 1617.87, 881.0, 2503.07]",0.85
103,2,person,"[1350.01, 1605.54, 1572.53, 2353.53]",0.81
103,3,person,"[224.07, 1554.74, 589.94, 2585.16]",0.84
103,6,person,"[1135.2, 1691.66, 1331.88, 2308.48]",0.75
103,7,person,"[920.25, 1676.03, 1085.33, 2193.63]",0.72
103,103,person,"[0.75, 1550.86, 217.33, 2393.55]",0.69
103,106,person,"[1553.6, 1725.35, 1752.81, 2314.14]",0.8
103,9,backpack,"[1142.76, 1790.82, 1317.96, 2023.27]",0.34
103,85,backpack,"[1411.33, 1742.04, 1573.87, 1989.08]",0.65
103,110,person,"[1061.34, 1652.16, 1184.5, 2037.46]",0.65
104,1,person,"[550.35, 1618.47, 877.48, 2512.82]",0.84
104,2,person,"[1350.19, 1600.55, 1574.45, 2359.33]",0.82
104,3,person,"[228.4, 1555.55, 595.81, 2585.99]",0.84
104,6,person,"[1139.55, 1683.29, 1339.32, 2314.76]",0.75
104,7,person,"[921.76, 1674.21, 1087.98, 2198.26]",0.69
104,103,person,"[0.0, 1596.36, 205.23, 2400.15]",0.63
104,106,person,"[1556.24, 1721.7, 1762.0, 2326.18]",0.78
104,9,backpack,"[1152.88, 1792.49, 1321.62, 2016.14]",0.38
104,85,backpack,"[1410.35, 1738.06, 1574.24, 1988.85]",0.66
104,110,person,"[1060.31, 1650.4, 1183.46, 2036.42]",0.61
105,1,person,"[547.31, 1618.4, 880.69, 2528.01]",0.84
105,2,person,"[1352.34, 1598.89, 1575.26, 2355.08]",0.81
105,3,person,"[229.35, 1560.24, 600.13, 2598.75]",0.83
105,6,person,"[1147.22, 1682.26, 1344.15, 2308.32]",0.77
105,7,person,"[923.35, 1674.07, 1087.31, 2192.23]",0.7
105,103,person,"[0.0, 1602.34, 194.98, 2414.15]",0.53
105,106,person,"[1568.57, 1714.03, 1777.74, 2329.11]",0.79
105,9,backpack,"[1161.84, 1791.98, 1324.35, 2006.72]",0.38
105,85,backpack,"[1411.3, 1739.09, 1574.07, 1989.05]",0.71
105,110,person,"[1061.34, 1649.58, 1183.87, 2033.95]",0.6
106,1,person,"[539.3, 1617.35, 877.45, 2541.03]",0.84
106,2,person,"[1351.38, 1595.76, 1574.53, 2355.64]",0.83
106,3,person,"[225.51, 1569.35, 597.46, 2611.05]",0.85
106,6,person,"[1151.56, 1674.75, 1349.93, 2305.75]",0.79
106,7,person,"[925.1, 1676.13, 1088.98, 2193.75]",0.72
106,103,person,"[0.0, 1599.99, 186.43, 2426.72]",0.26
106,106,person,"[1577.89, 1712.31, 1788.52, 2335.71]",0.79
106,9,backpack,"[1166.46, 1786.61, 1325.97, 1996.89]",0.27
106,85,backpack,"[1407.74, 1733.84, 1573.05, 1989.09]",0.71
106,110,person,"[1062.17, 1647.59, 1183.48, 2026.85]",0.65
107,1,person,"[533.67, 1618.66, 870.39, 2541.0]",0.85
107,2,person,"[1350.14, 1596.44, 1573.78, 2362.38]",0.82
107,3,person,"[223.49, 1574.39, 594.71, 2612.0]",0.85
107,6,person,"[1155.61, 1676.71, 1353.31, 2306.71]",0.75
107,7,person,"[926.19, 1674.43, 1087.86, 2183.7]",0.73
107,106,person,"[1587.14, 1708.79, 1798.19, 2336.85]",0.81
107,9,backpack,"[1168.38, 1776.65, 1329.39, 1989.72]",0.4
107,85,backpack,"[1406.57, 1732.13, 1571.61, 1988.08]",0.8
107,110,person,"[1062.44, 1648.06, 1183.61, 2026.81]",0.61
108,1,person,"[528.11, 1624.47, 868.98, 2563.51]",0.8
108,2,person,"[1349.64, 1601.33, 1572.15, 2366.96]",0.82
108,3,person,"[217.76, 1574.54, 587.92, 2608.89]",0.86
108,6,person,"[1158.22, 1665.77, 1358.25, 2306.49]",0.79
108,7,person,"[928.29, 1674.09, 1090.08, 2181.26]",0.71
108,106,person,"[1597.78, 1711.17, 1810.18, 2346.99]",0.8
108,9,backpack,"[1171.49, 1775.85, 1331.84, 1987.67]",0.27
108,85,backpack,"[1406.24, 1738.68, 1568.33, 1990.54]",0.79
108,110,person,"[1063.19, 1649.17, 1182.71, 2021.63]",0.61
108,122,person,"[61.63, 1619.97, 298.39, 2262.15]",0.47
109,1,person,"[528.85, 1630.29, 866.74, 2564.25]",0.82
109,2,person,"[1346.5, 1608.02, 1568.29, 2372.67]",0.81
109,3,person,"[218.9, 1575.39, 587.41, 2607.7]",0.85
109,6,person,"[1160.33, 1660.29, 1360.24, 2304.51]",0.78
109,7,person,"[929.28, 1677.96, 1088.39, 2172.77]",0.71
109,106,person,"[1609.75, 1714.45, 1828.56, 2369.98]",0.78
109,9,backpack,"[1173.28, 1765.42, 1343.16, 1989.65]",0.3
109,85,backpack,"[1404.71, 1747.23, 1563.9, 1994.02]",0.72
109,110,person,"[1062.99, 1649.49, 1182.24, 2019.72]",0.6
109,122,person,"[54.76, 1625.55, 293.42, 2272.5]",0.56
110,1,person,"[534.01, 1636.86, 864.1, 2551.44]",0.8
110,2,person,"[1345.41, 1610.49, 1567.99, 2380.95]",0.83
110,3,person,"[217.32, 1577.52, 583.77, 2605.66]",0.82
110,6,person,"[1162.82, 1658.52, 1361.83, 2303.19]",0.79
110,7,person,"[928.06, 1677.36, 1092.84, 2187.79]",0.72
110,106,person,"[1622.0, 1720.02, 1843.53, 2384.98]",0.77
110,9,backpack,"[1179.6, 1767.24, 1348.56, 1989.53]",0.36
110,85,backpack,"[1401.81, 1753.4, 1561.34, 2000.48]",0.5
110,110,person,"[1062.32, 1649.35, 1181.26, 2016.18]",0.65
110,122,person,"[34.92, 1631.3, 277.31, 2287.38]",0.49
111,1,person,"[537.86, 1637.99, 862.42, 2539.42]",0.82
111,2,person,"[1343.48, 1616.89, 1565.47, 2388.42]",0.82
111,3,person,"[220.42, 1579.01, 585.94, 2608.79]",0.79
111,6,person,"[1162.25, 1658.91, 1360.85, 2306.66]",0.8
111,7,person,"[926.96, 1677.39, 1094.87, 2196.1]",0.73
111,106,person,"[1640.32, 1728.12, 1871.25, 2415.53]",0.79
111,9,backpack,"[1179.42, 1769.92, 1348.07, 1991.45]",0.29
111,85,backpack,"[1398.29, 1752.12, 1561.04, 2006.11]",0.43
111,110,person,"[1061.56, 1650.78, 1180.13, 2013.94]",0.65
111,122,person,"[24.27, 1623.2, 272.41, 2293.11]",0.5
112,1,person,"[539.23, 1637.96, 860.3, 2531.43]",0.82
112,2,person,"[1340.21, 1620.55, 1562.17, 2392.14]",0.85
112,3,person,"[222.71, 1577.89, 583.68, 2604.46]",0.81
112,6,person,"[1161.58, 1659.89, 1360.5, 2313.85]",0.78
112,7,person,"[927.81, 1677.3, 1095.6, 2192.91]",0.75
112,106,person,"[1657.25, 1732.31, 1898.11, 2439.21]",0.86
112,9,backpack,"[1179.88, 1773.41, 1349.82, 1997.45]",0.28
112,110,person,"[1060.63, 1651.43, 1178.92, 2011.88]",0.63
112,122,person,"[18.73, 1625.1, 268.73, 2297.54]",0.31
113,1,person,"[536.93, 1636.8, 858.67, 2535.07]",0.82
113,2,person,"[1336.74, 1624.81, 1559.41, 2397.22]",0.85
113,3,person,"[227.04, 1572.85, 579.7, 2582.68]",0.87
113,6,person,"[1161.51, 1663.91, 1359.78, 2318.32]",0.81
113,7,person,"[925.71, 1677.75, 1096.53, 2199.9]",0.74
113,106,person,"[1662.31, 1731.73, 1915.56, 2467.28]",0.89
113,110,person,"[1059.47, 1650.84, 1178.75, 2013.1]",0.61
114,1,person,"[533.97, 1633.47, 857.25, 2540.59]",0.81
114,2,person,"[1334.32, 1625.65, 1557.32, 2400.17]",0.81
114,3,person,"[232.96, 1568.8, 576.11, 2557.01]",0.88
114,6,person,"[1162.34, 1666.75, 1358.81, 2320.1]",0.8
114,7,person,"[924.13, 1677.46, 1095.93, 2198.84]",0.74
114,106,person,"[1665.34, 1743.25, 1920.8, 2483.1]",0.84
114,110,person,"[1058.49, 1650.72, 1179.41, 2016.39]",0.62
114,85,backpack,"[1401.82, 1761.66, 1560.34, 2011.69]",0.32
114,122,person,"[0.0, 1620.72, 219.01, 2338.11]",0.36
115,1,person,"[537.3, 1630.43, 850.3, 2509.78]",0.82
115,2,person,"[1333.27, 1624.18, 1555.91, 2394.48]",0.83
115,3,person,"[234.26, 1567.19, 572.94, 2545.67]",0.88
115,6,person,"[1161.74, 1667.94, 1357.28, 2323.35]",0.77
115,7,person,"[921.62, 1677.7, 1096.09, 2205.76]",0.73
115,106,person,"[1670.35, 1741.93, 1932.02, 2502.25]",0.83
115,110,person,"[1058.23, 1651.36, 1179.69, 2017.73]",0.58
115,128,person,"[119.48, 1618.92, 321.62, 2303.91]",0.33
115,85,backpack,"[1381.87, 1755.68, 1544.37, 2013.04]",0.35
115,122,person,"[0.0, 1616.44, 198.86, 2351.59]",0.49
116,1,person,"[538.51, 1626.28, 846.81, 2492.33]",0.85
116,2,person,"[1333.7, 1621.18, 1554.67, 2378.84]",0.81
116,3,person,"[234.51, 1562.26, 573.71, 2543.79]",0.89
116,6,person,"[1161.67, 1666.87, 1357.15, 2329.86]",0.74
116,7,person,"[921.01, 1677.94, 1095.08, 2204.43]",0.73
116,106,person,"[1684.83, 1741.64, 1953.99, 2522.42]",0.79
116,110,person,"[1064.32, 1659.4, 1183.66, 2021.66]",0.56
116,128,person,"[104.03, 1606.3, 325.43, 2357.63]",0.37
116,85,backpack,"[1375.34, 1743.2, 1541.9, 2010.5]",0.46
116,9,backpack,"[1174.6, 1781.09, 1343.61, 2007.67]",0.3
117,1,person,"[538.0, 1621.25, 845.12, 2485.26]",0.86
117,2,person,"[1333.84, 1617.1, 1553.99, 2364.59]",0.83
117,3,person,"[230.07, 1558.59, 569.72, 2539.04]",0.88
117,6,person,"[1162.64, 1674.67, 1354.94, 2333.87]",0.75
117,7,person,"[919.51, 1677.74, 1097.04, 2215.41]",0.74
117,106,person,"[1694.95, 1734.64, 1972.57, 2539.89]",0.8
117,110,person,"[1064.74, 1657.89, 1185.99, 2028.95]",0.55
117,128,person,"[98.6, 1613.89, 318.05, 2358.81]",0.4
117,9,backpack,"[1170.23, 1769.84, 1344.98, 2009.23]",0.26
118,1,person,"[534.57, 1617.7, 845.51, 2496.57]",0.86
118,2,person,"[1331.04, 1611.05, 1552.58, 2354.44]",0.83
118,3,person,"[222.18, 1557.46, 569.23, 2556.96]",0.87
118,6,person,"[1162.83, 1678.7, 1350.96, 2328.45]",0.7
118,7,person,"[920.26, 1677.47, 1097.71, 2214.77]",0.73
118,106,person,"[1710.05, 1725.35, 1994.44, 2552.99]",0.84
118,110,person,"[1064.29, 1652.03, 1186.3, 2025.1]",0.56
118,128,person,"[75.62, 1607.19, 316.81, 2426.78]",0.49
118,9,backpack,"[1163.98, 1758.83, 1347.65, 2017.11]",0.35
119,1,person,"[533.95, 1612.88, 843.79, 2492.06]",0.86
119,2,person,"[1326.28, 1603.32, 1552.91, 2357.65]",0.82
119,3,person,"[220.14, 1557.06, 573.82, 2576.49]",0.86
119,6,person,"[1163.88, 1678.78, 1350.12, 2324.98]",0.72
119,7,person,"[919.72, 1677.8, 1096.42, 2213.5]",0.73
119,106,person,"[1735.88, 1719.8, 2025.67, 2561.47]",0.82
119,110,person,"[1063.26, 1650.86, 1184.55, 2020.63]",0.57
119,128,person,"[65.16, 1603.18, 317.42, 2454.46]",0.61
120,1,person,"[532.13, 1609.1, 841.15, 2489.67]",0.86
120,2,person,"[1322.16, 1595.04, 1552.11, 2355.51]",0.82
120,3,person,"[222.02, 1556.47, 579.87, 2591.37]",0.86
120,6,person,"[1170.14, 1675.13, 1350.47, 2303.29]",0.72
120,7,person,"[918.93, 1678.53, 1095.35, 2212.37]",0.73
120,106,person,"[1763.51, 1712.62, 2057.52, 2566.01]",0.85
120,110,person,"[1062.47, 1647.04, 1185.73, 2020.06]",0.59
120,128,person,"[59.44, 1597.78, 318.69, 2471.33]",0.6
121,1,person,"[526.74, 1607.99, 843.22, 2516.67]",0.86
121,2,person,"[1320.01, 1590.51, 1553.92, 2361.24]",0.83
121,3,person,"[224.01, 1560.15, 582.33, 2597.08]",0.87
121,6,person,"[1172.8, 1666.22, 1352.09, 2295.1]",0.74
121,7,person,"[915.64, 1676.98, 1095.84, 2220.96]",0.74
121,106,person,"[1793.88, 1705.24, 2096.24, 2570.64]",0.85
121,110,person,"[1063.37, 1645.02, 1186.82, 2015.92]",0.62
121,128,person,"[52.73, 1587.03, 318.48, 2486.16]",0.56
122,1,person,"[524.29, 1611.84, 843.6, 2535.11]",0.85
122,2,person,"[1321.26, 1587.92, 1556.13, 2358.44]",0.83
122,3,person,"[229.91, 1562.35, 585.83, 2594.87]",0.87
122,6,person,"[1175.33, 1658.75, 1352.15, 2280.76]",0.79
122,7,person,"[913.76, 1675.35, 1095.78, 2224.9]",0.74
122,106,person,"[1816.23, 1704.19, 2127.93, 2582.83]",0.86
122,110,person,"[1063.93, 1642.9, 1188.43, 2015.16]",0.58
122,128,person,"[69.73, 1605.49, 326.28, 2485.35]",0.57
122,85,backpack,"[1364.16, 1723.02, 1530.45, 1991.3]",0.32
123,1,person,"[523.95, 1611.71, 840.56, 2531.61]",0.86
123,2,person,"[1320.15, 1586.8, 1557.36, 2361.05]",0.82
123,3,person,"[234.18, 1568.2, 586.38, 2591.79]",0.9
123,6,person,"[1173.83, 1652.99, 1354.42, 2291.43]",0.75
123,7,person,"[913.11, 1673.57, 1096.39, 2227.58]",0.72
123,106,person,"[1825.02, 1707.71, 2147.6, 2610.78]",0.87
123,110,person,"[1064.95, 1636.92, 1191.89, 2015.42]",0.56
123,128,person,"[66.13, 1616.28, 320.96, 2497.44]",0.65
123,134,person,"[0.0, 1596.4, 169.6, 2563.38]",0.42
123,85,backpack,"[1360.52, 1720.05, 1525.73, 1988.13]",0.47
123,9,backpack,"[1182.95, 1740.91, 1352.48, 1983.45]",0.47
124,1,person,"[527.52, 1613.05, 837.0, 2512.5]",0.85
124,2,person,"[1322.74, 1587.1, 1560.72, 2360.91]",0.84
124,3,person,"[231.86, 1572.3, 589.39, 2616.74]",0.89
124,6,person,"[1174.61, 1647.84, 1358.53, 2299.87]",0.78
124,7,person,"[914.25, 1672.49, 1096.0, 2221.67]",0.73
124,106,person,"[1826.84, 1704.58, 2160.0, 2657.0]",0.87
124,110,person,"[1064.93, 1635.3, 1193.23, 2018.1]",0.55
124,128,person,"[63.62, 1621.56, 313.44, 2494.19]",0.58
124,134,person,"[0.0, 1576.47, 158.6, 2573.64]",0.32
124,85,backpack,"[1362.88, 1717.6, 1527.28, 1986.35]",0.49
124,9,backpack,"[1185.31, 1736.26, 1353.78, 1977.45]",0.42
125,1,person,"[530.02, 1616.22, 838.25, 2510.5]",0.86
125,2,person,"[1324.3, 1589.8, 1564.5, 2370.97]",0.82
125,3,person,"[233.62, 1574.35, 585.96, 2607.55]",0.89
125,6,person,"[1177.24, 1647.34, 1361.59, 2300.3]",0.77
125,7,person,"[912.89, 1671.14, 1097.6, 2231.66]",0.71
125,106,person,"[1826.89, 1705.64, 2160.0, 2726.46]",0.88
125,110,person,"[1066.26, 1635.57, 1194.8, 2020.14]",0.5
125,128,person,"[16.6, 1600.73, 292.8, 2570.04]",0.56
125,85,backpack,"[1365.28, 1720.24, 1529.19, 1988.17]",0.43
125,9,backpack,"[1191.69, 1739.27, 1356.24, 1975.21]",0.34
126,1,person,"[533.69, 1620.44, 835.93, 2490.89]",0.88
126,2,person,"[1324.06, 1592.79, 1567.0, 2383.23]",0.84
126,3,person,"[227.07, 1572.75, 579.48, 2609.73]",0.87
126,6,person,"[1178.82, 1649.24, 1363.62, 2302.62]",0.75
126,7,person,"[914.97, 1670.5, 1098.05, 2228.63]",0.7
126,106,person,"[1830.29, 1706.88, 2160.0, 2768.61]",0.84
126,110,person,"[1066.93, 1637.32, 1194.21, 2018.72]",0.56
126,128,person,"[0.0, 1591.17, 275.64, 2572.69]",0.7
126,85,backpack,"[1376.59, 1724.63, 1539.09, 1990.7]",0.49
126,9,backpack,"[1184.93, 1702.72, 1373.1, 1978.33]",0.49
127,1,person,"[533.55, 1623.66, 834.62, 2482.93]",0.87
127,2,person,"[1325.22, 1597.12, 1569.49, 2391.08]",0.85
127,3,person,"[221.06, 1571.48, 573.87, 2615.58]",0.87
127,6,person,"[1182.73, 1657.33, 1366.01, 2307.93]",0.76
127,7,person,"[918.39, 1671.93, 1100.98, 2232.61]",0.72
127,106,person,"[1838.3, 1712.54, 2160.0, 2783.31]",0.79
127,110,person,"[1069.65, 1638.43, 1194.28, 2011.24]",0.53
127,128,person,"[0.0, 1603.56, 259.18, 2540.8]",0.66
127,85,backpack,"[1383.36, 1727.51, 1549.5, 1999.35]",0.37
127,9,backpack,"[1195.83, 1726.88, 1367.74, 1978.3]",0.37
128,1,person,"[524.3, 1623.9, 838.63, 2520.29]",0.84
128,2,person,"[1328.91, 1601.47, 1573.79, 2399.38]",0.84
128,3,person,"[214.86, 1569.86, 572.48, 2637.62]",0.86
128,6,person,"[1187.78, 1662.96, 1370.79, 2311.67]",0.78
128,7,person,"[917.45, 1671.04, 1101.1, 2237.54]",0.76
128,106,person,"[1853.5, 1737.14, 2160.0, 2789.92]",0.8
128,110,person,"[1070.31, 1638.62, 1195.68, 2013.7]",0.57
128,128,person,"[0.0, 1623.34, 247.69, 2534.37]",0.62
128,85,backpack,"[1388.02, 1721.32, 1557.3, 1999.48]",0.37
129,1,person,"[521.32, 1624.01, 838.17, 2525.88]",0.84
129,2,person,"[1333.07, 1608.25, 1576.86, 2402.56]",0.81
129,3,person,"[209.1, 1567.11, 567.57, 2642.57]",0.84
129,6,person,"[1192.88, 1667.58, 1374.26, 2307.72]",0.72
129,7,person,"[916.4, 1672.44, 1099.55, 2238.02]",0.75
129,106,person,"[1871.95, 1760.11, 2160.0, 2758.2]",0.71
129,110,person,"[1070.24, 1640.32, 1196.35, 2017.83]",0.53
129,128,person,"[0.0, 1641.07, 237.21, 2538.43]",0.59
129,85,backpack,"[1395.67, 1727.61, 1562.76, 2002.96]",0.35
129,9,backpack,"[1201.77, 1729.12, 1374.6, 1985.76]",0.35
130,1,person,"[516.2, 1623.56, 838.27, 2541.59]",0.84
130,2,person,"[1340.16, 1608.99, 1583.69, 2407.26]",0.82
130,3,person,"[209.57, 1566.47, 560.88, 2619.05]",0.83
130,6,person,"[1197.87, 1672.75, 1377.18, 2306.18]",0.72
130,7,person,"[921.97, 1674.87, 1099.25, 2217.59]",0.7
130,106,person,"[1899.77, 1796.43, 2160.0, 2733.7]",0.72
130,110,person,"[1072.67, 1642.72, 1198.24, 2019.01]",0.63
130,128,person,"[0.0, 1643.35, 226.86, 2543.7]",0.56
130,85,backpack,"[1400.24, 1729.71, 1567.21, 2005.89]",0.43
130,9,backpack,"[1206.34, 1739.77, 1375.5, 1994.54]",0.39
131,1,person,"[512.61, 1620.99, 830.86, 2527.71]",0.85
131,2,person,"[1347.39, 1608.31, 1590.93, 2412.29]",0.82
131,3,person,"[210.77, 1563.54, 553.93, 2587.37]",0.84
131,6,person,"[1204.04, 1676.54, 1379.94, 2296.68]",0.72
131,7,person,"[923.73, 1676.28, 1099.96, 2213.74]",0.68
131,106,person,"[1935.05, 1913.36, 2160.0, 2735.27]",0.51
131,110,person,"[1074.11, 1645.68, 1199.37, 2021.82]",0.65
131,128,person,"[0.0, 1635.82, 215.77, 2550.41]",0.49
131,85,backpack,"[1405.09, 1740.82, 1567.71, 2008.79]",0.47
131,9,backpack,"[1205.25, 1733.69, 1380.14, 2001.92]",0.29
132,1,person,"[511.97, 1619.19, 826.18, 2513.32]",0.85
132,2,person,"[1349.91, 1606.33, 1593.17, 2413.69]",0.83
132,3,person,"[204.55, 1560.85, 544.22, 2561.07]",0.86
132,6,person,"[1206.93, 1678.25, 1384.5, 2304.83]",0.7
132,7,person,"[927.3, 1675.86, 1100.46, 2201.14]",0.71
132,110,person,"[1075.46, 1648.69, 1200.28, 2024.03]",0.61
132,128,person,"[0.59, 1616.53, 208.2, 2383.1]",0.57
132,85,backpack,"[1406.34, 1735.74, 1570.89, 2007.07]",0.41
132,9,backpack,"[1213.74, 1752.42, 1375.38, 2000.97]",0.39
133,1,person,"[511.43, 1616.0, 822.9, 2502.01]",0.85
133,2,person,"[1358.0, 1605.48, 1594.32, 2390.76]",0.82
133,3,person,"[206.21, 1554.99, 546.12, 2549.25]",0.86
133,6,person,"[1208.52, 1675.76, 1387.64, 2307.65]",0.74
133,7,person,"[926.05, 1669.3, 1103.54, 2206.49]",0.68
133,110,person,"[1074.39, 1650.64, 1201.43, 2034.82]",0.65
133,128,person,"[10.69, 1601.31, 208.85, 2323.19]",0.62
133,85,backpack,"[1410.22, 1730.88, 1573.63, 2000.77]",0.52
133,9,backpack,"[1215.64, 1749.8, 1378.04, 2001.67]",0.37
133,139,person,"[0.0, 1724.02, 167.95, 2578.12]",0.34
134,1,person,"[509.44, 1612.33, 818.55, 2491.24]",0.85
134,2,person,"[1363.02, 1601.26, 1595.33, 2371.3]",0.83
134,3,person,"[208.99, 1552.18, 550.32, 2546.73]",0.85
134,6,person,"[1210.29, 1673.11, 1390.74, 2310.89]",0.77
134,7,person,"[923.44, 1672.21, 1105.67, 2226.02]",0.79
134,110,person,"[1074.78, 1649.82, 1202.38, 2037.32]",0.69
134,128,person,"[6.6, 1601.0, 199.07, 2299.39]",0.68
134,85,backpack,"[1420.99, 1736.66, 1577.21, 1995.57]",0.63
134,9,backpack,"[1217.8, 1745.7, 1381.59, 2002.39]",0.44
135,1,person,"[507.35, 1606.78, 816.09, 2484.45]",0.86
135,2,person,"[1366.21, 1596.24, 1597.15, 2359.43]",0.82
135,3,person,"[206.53, 1551.3, 553.47, 2558.61]",0.84
135,6,person,"[1213.01, 1670.99, 1392.56, 2306.51]",0.77
135,7,person,"[925.09, 1666.74, 1108.82, 2228.24]",0.68
135,110,person,"[1075.39, 1649.45, 1202.33, 2036.09]",0.69
135,128,person,"[0.67, 1596.87, 193.87, 2299.0]",0.71
135,85,backpack,"[1428.75, 1734.29, 1582.47, 1992.14]",0.58
135,9,backpack,"[1225.84, 1753.84, 1380.01, 1995.21]",0.29
136,1,person,"[504.8, 1604.13, 812.78, 2481.6]",0.87
136,2,person,"[1367.56, 1591.84, 1600.9, 2363.68]",0.83
136,3,person,"[208.71, 1551.8, 557.66, 2560.68]",0.82
136,6,person,"[1212.38, 1665.76, 1393.25, 2308.64]",0.76
136,7,person,"[919.53, 1665.14, 1105.02, 2235.84]",0.73
136,110,person,"[1074.13, 1643.76, 1200.95, 2032.7]",0.71
136,128,person,"[0.0, 1600.97, 189.13, 2306.9]",0.66
136,85,backpack,"[1434.0, 1729.1, 1588.1, 1990.27]",0.6
136,146,person,"[873.25, 1647.6, 993.24, 2009.8]",0.34
137,1,person,"[502.7, 1602.99, 810.08, 2481.89]",0.86
137,2,person,"[1368.26, 1589.58, 1601.96, 2361.43]",0.82
137,3,person,"[207.49, 1552.5, 565.08, 2576.37]",0.76
137,6,person,"[1213.94, 1661.95, 1393.69, 2301.52]",0.77
137,7,person,"[919.2, 1661.29, 1106.42, 2240.95]",0.75
137,110,person,"[1073.18, 1639.79, 1199.4, 2030.12]",0.71
137,128,person,"[0.0, 1611.99, 172.81, 2312.51]",0.67
137,85,backpack,"[1436.23, 1720.28, 1593.37, 1987.03]",0.63
137,146,person,"[870.23, 1650.76, 1003.4, 2053.72]",0.32
137,149,person,"[796.03, 1597.86, 887.05, 1906.34]",0.35
138,1,person,"[499.48, 1602.63, 805.7, 2482.97]",0.86
138,2,person,"[1367.72, 1587.12, 1603.55, 2365.36]",0.82
138,3,person,"[224.82, 1551.81, 587.78, 2584.04]",0.78
138,6,person,"[1216.48, 1656.06, 1397.3, 2300.06]",0.78
138,7,person,"[917.72, 1661.44, 1105.32, 2244.43]",0.79
138,110,person,"[1071.32, 1635.53, 1197.7, 2029.24]",0.68
138,128,person,"[0.0, 1612.32, 160.98, 2314.15]",0.67
138,85,backpack,"[1436.53, 1715.99, 1594.91, 1984.26]",0.66
138,146,person,"[866.71, 1645.99, 999.27, 2048.4]",0.29
138,149,person,"[795.11, 1593.3, 887.71, 1906.77]",0.43
138,150,person,"[122.3, 1616.07, 288.16, 2370.03]",0.63
139,1,person,"[498.44, 1603.1, 801.67, 2478.85]",0.86
139,2,person,"[1368.08, 1586.11, 1605.7, 2369.91]",0.82
139,3,person,"[238.58, 1552.8, 609.19, 2590.3]",0.79
139,6,person,"[1215.32, 1647.86, 1397.67, 2297.27]",0.78
139,7,person,"[918.71, 1658.35, 1106.33, 2246.57]",0.77
139,110,person,"[1068.19, 1631.45, 1195.19, 2029.32]",0.67
139,128,person,"[0.0, 1609.77, 149.91, 2315.32]",0.62
139,85,backpack,"[1436.9, 1713.03, 1596.05, 1981.72]",0.66
139,146,person,"[864.26, 1645.62, 995.91, 2046.83]",0.4
139,149,person,"[796.44, 1612.97, 881.54, 1900.28]",0.44
139,150,person,"[111.84, 1626.14, 280.53, 2392.11]",0.6
140,1,person,"[496.85, 1605.83, 798.17, 2480.42]",0.85
140,2,person,"[1368.8, 1583.94, 1606.63, 2368.54]",0.82
140,3,person,"[226.69, 1559.65, 600.86, 2598.74]",0.81
140,6,person,"[1213.23, 1644.01, 1398.49, 2304.98]",0.78
140,7,person,"[915.55, 1650.7, 1105.64, 2249.87]",0.77
140,110,person,"[1067.65, 1628.27, 1196.17, 2032.99]",0.63
140,128,person,"[0.0, 1595.77, 147.56, 2333.26]",0.45
140,85,backpack,"[1435.82, 1710.98, 1596.33, 1980.95]",0.66
140,146,person,"[863.29, 1643.96, 993.37, 2042.2]",0.3
140,149,person,"[796.2, 1634.1, 875.54, 1900.03]",0.42
140,150,person,"[102.0, 1632.88, 271.0, 2397.85]",0.67
141,1,person,"[496.63, 1609.15, 797.56, 2487.11]",0.84
141,2,person,"[1370.26, 1583.15, 1605.43, 2358.52]",0.83
141,3,person,"[210.97, 1557.58, 587.41, 2601.37]",0.84
141,6,person,"[1212.95, 1642.98, 1399.01, 2309.24]",0.79
141,7,person,"[910.72, 1648.2, 1101.94, 2251.11]",0.74
141,110,person,"[1066.89, 1626.5, 1197.26, 2037.4]",0.63
141,85,backpack,"[1435.62, 1709.86, 1596.6, 1980.33]",0.64
141,146,person,"[861.99, 1641.37, 992.36, 2042.63]",0.31
141,149,person,"[796.89, 1643.04, 873.17, 1895.84]",0.45
141,150,person,"[95.48, 1634.78, 267.33, 2410.05]",0.69
142,1,person,"[496.06, 1611.36, 796.24, 2491.68]",0.84
142,2,person,"[1369.74, 1583.44, 1605.77, 2360.78]",0.83
142,3,person,"[198.54, 1557.05, 575.96, 2596.41]",0.85
142,6,person,"[1214.62, 1644.55, 1398.99, 2306.16]",0.81
142,7,person,"[905.63, 1649.62, 1098.91, 2258.96]",0.74
142,110,person,"[1063.88, 1625.24, 1195.41, 2036.71]",0.64
142,85,backpack,"[1435.9, 1711.28, 1596.82, 1981.09]",0.71
142,146,person,"[861.99, 1641.11, 992.78, 2045.99]",0.35
142,149,person,"[796.25, 1640.97, 873.33, 1893.97]",0.43
142,150,person,"[86.17, 1632.17, 263.1, 2423.88]",0.71
143,1,person,"[497.51, 1614.11, 795.46, 2491.48]",0.82
143,2,person,"[1368.12, 1585.58, 1608.69, 2378.16]",0.82
143,3,person,"[191.1, 1554.53, 573.72, 2590.35]",0.83
143,6,person,"[1217.22, 1646.13, 1400.21, 2304.6]",0.81
143,7,person,"[906.34, 1653.28, 1097.02, 2253.19]",0.76
143,110,person,"[1063.16, 1625.6, 1193.88, 2029.38]",0.65
143,85,backpack,"[1434.8, 1715.0, 1595.8, 1984.63]",0.62
143,146,person,"[861.53, 1646.03, 992.73, 2054.64]",0.41
143,149,person,"[795.71, 1641.6, 871.77, 1889.48]",0.42
143,150,person,"[66.8, 1616.92, 255.63, 2444.97]",0.68
144,1,person,"[501.63, 1616.35, 794.14, 2478.88]",0.81
144,2,person,"[1367.1, 1587.96, 1608.65, 2382.73]",0.82
144,3,person,"[181.81, 1553.02, 571.36, 2593.62]",0.8
144,6,person,"[1217.94, 1651.42, 1397.57, 2297.95]",0.76
144,7,person,"[906.54, 1659.48, 1094.49, 2249.66]",0.71
144,110,person,"[1060.7, 1621.72, 1193.19, 2025.52]",0.61
144,85,backpack,"[1429.85, 1716.34, 1593.26, 1989.39]",0.62
144,146,person,"[861.51, 1648.28, 990.28, 2051.67]",0.38
144,149,person,"[793.99, 1622.96, 876.47, 1890.69]",0.46
144,150,person,"[50.93, 1621.5, 249.16, 2465.22]",0.84
144,153,handbag,"[131.95, 1841.0, 268.2, 2077.88]",0.49
145,1,person,"[503.93, 1616.04, 791.29, 2464.08]",0.83
145,2,person,"[1367.2, 1592.45, 1606.53, 2377.06]",0.81
145,3,person,"[165.3, 1551.71, 556.34, 2595.95]",0.8
145,6,person,"[1220.04, 1658.91, 1396.19, 2293.64]",0.76
145,7,person,"[905.09, 1663.89, 1095.23, 2260.19]",0.72
145,110,person,"[1059.94, 1626.24, 1193.09, 2024.31]",0.62
145,85,backpack,"[1422.4, 1719.75, 1588.8, 1998.15]",0.66
145,146,person,"[863.68, 1649.83, 989.78, 2045.8]",0.44
145,149,person,"[792.03, 1617.38, 876.09, 1889.41]",0.45
145,150,person,"[39.86, 1624.52, 247.39, 2484.09]",0.85
145,153,handbag,"[118.74, 1835.11, 263.39, 2085.81]",0.54
146,1,person,"[504.5, 1613.72, 789.49, 2455.06]",0.84
146,2,person,"[1364.48, 1596.22, 1608.74, 2398.77]",0.81
146,3,person,"[146.06, 1552.36, 539.21, 2595.07]",0.81
146,6,person,"[1220.87, 1664.58, 1392.98, 2283.43]",0.76
146,7,person,"[904.28, 1663.49, 1097.97, 2270.48]",0.8
146,110,person,"[1060.85, 1624.62, 1196.56, 2026.89]",0.64
146,85,backpack,"[1417.71, 1723.78, 1586.25, 2006.61]",0.64
146,146,person,"[864.07, 1651.45, 987.91, 2041.13]",0.44
146,149,person,"[791.62, 1636.82, 871.5, 1891.86]",0.55
146,150,person,"[32.94, 1620.75, 248.45, 2491.42]",0.86
146,153,handbag,"[87.13, 1782.01, 267.21, 2094.02]",0.61
147,1,person,"[502.88, 1612.9, 791.08, 2464.7]",0.84
147,2,person,"[1366.25, 1600.36, 1609.73, 2398.93]",0.82
147,3,person,"[168.54, 1547.68, 549.74, 2567.94]",0.84
147,6,person,"[1219.2, 1667.84, 1392.41, 2289.31]",0.77
147,7,person,"[904.55, 1664.79, 1096.45, 2264.43]",0.75
147,110,person,"[1063.19, 1626.58, 1199.66, 2027.58]",0.63
147,85,backpack,"[1415.32, 1727.32, 1584.71, 2012.73]",0.59
147,146,person,"[863.76, 1655.47, 988.08, 2047.32]",0.43
147,149,person,"[789.51, 1647.14, 867.96, 1894.13]",0.54
147,150,person,"[22.11, 1616.04, 247.03, 2510.72]",0.85
148,1,person,"[500.56, 1610.4, 792.06, 2475.72]",0.85
148,2,person,"[1367.05, 1603.61, 1609.49, 2396.44]",0.82
148,3,person,"[181.43, 1548.71, 552.63, 2549.44]",0.86
148,6,person,"[1220.48, 1673.15, 1392.41, 2287.6]",0.79
148,7,person,"[905.71, 1663.26, 1098.29, 2263.98]",0.76
148,110,person,"[1066.44, 1629.4, 1202.0, 2026.0]",0.62
148,85,backpack,"[1417.31, 1738.23, 1582.19, 2014.98]",0.54
148,146,person,"[862.71, 1658.43, 988.52, 2056.47]",0.56
148,149,person,"[789.37, 1660.12, 864.66, 1894.44]",0.56
148,150,person,"[11.84, 1611.61, 242.13, 2519.93]",0.82
148,153,handbag,"[57.92, 1776.71, 245.53, 2099.57]",0.41
149,1,person,"[500.54, 1610.56, 792.93, 2480.85]",0.84
149,2,person,"[1366.86, 1604.33, 1611.71, 2403.01]",0.83
149,3,person,"[183.96, 1544.97, 551.24, 2540.28]",0.87
149,6,person,"[1220.18, 1675.78, 1393.31, 2293.08]",0.79
149,7,person,"[909.59, 1664.15, 1101.15, 2261.84]",0.72
149,110,person,"[1070.79, 1633.95, 1204.6, 2026.59]",0.59
149,85,backpack,"[1417.44, 1751.38, 1575.74, 2016.19]",0.59
149,146,person,"[861.34, 1659.69, 986.8, 2058.76]",0.56
149,149,person,"[788.87, 1665.78, 863.06, 1893.99]",0.51
149,150,person,"[7.72, 1617.57, 236.53, 2514.08]",0.82
149,153,handbag,"[41.63, 1800.75, 218.04, 2100.42]",0.38
150,1,person,"[498.4, 1610.35, 787.39, 2473.69]",0.83
150,2,person,"[1368.37, 1602.73, 1614.88, 2403.16]",0.83
150,3,person,"[181.47, 1542.98, 547.0, 2535.44]",0.87
150,6,person,"[1217.33, 1673.04, 1392.16, 2296.83]",0.75
150,7,person,"[918.92, 1664.58, 1105.56, 2247.76]",0.72
150,110,person,"[1076.97, 1639.39, 1207.12, 2022.36]",0.59
150,85,backpack,"[1415.89, 1756.39, 1571.19, 2016.35]",0.61
150,146,person,"[860.13, 1656.48, 984.75, 2056.11]",0.63
150,149,person,"[787.13, 1664.72, 863.52, 1897.13]",0.53
150,150,person,"[2.03, 1610.54, 231.75, 2510.28]",0.83
150,153,handbag,"[16.27, 1766.72, 215.68, 2104.82]",0.33
151,1,person,"[497.39, 1608.42, 785.93, 2471.97]",0.83
151,2,person,"[1370.51, 1599.18, 1618.24, 2399.43]",0.84
151,3,person,"[180.33, 1542.4, 546.28, 2535.56]",0.86
151,6,person,"[1213.83, 1670.89, 1389.04, 2297.72]",0.76
151,7,person,"[922.39, 1667.1, 1106.61, 2244.99]",0.76
151,110,person,"[1081.57, 1644.2, 1209.61, 2020.78]",0.61
151,85,backpack,"[1413.43, 1750.08, 1570.54, 2014.56]",0.43
151,146,person,"[858.67, 1655.99, 982.13, 2054.86]",0.59
151,149,person,"[784.76, 1665.39, 862.77, 1900.9]",0.52
151,150,person,"[0.0, 1617.73, 216.91, 2501.27]",0.78
151,153,handbag,"[0.0, 1764.17, 201.85, 2111.93]",0.36
152,1,person,"[495.68, 1605.9, 782.57, 2468.58]",0.83
152,2,person,"[1372.28, 1597.69, 1618.38, 2384.62]",0.83
152,3,person,"[177.32, 1542.02, 547.98, 2552.1]",0.86
152,6,person,"[1212.75, 1666.04, 1389.88, 2302.5]",0.77
152,7,person,"[923.02, 1665.2, 1105.56, 2235.62]",0.75
152,110,person,"[1084.19, 1644.32, 1212.07, 2020.07]",0.67
152,85,backpack,"[1410.15, 1735.41, 1574.06, 2013.74]",0.45
152,146,person,"[855.92, 1653.12, 979.03, 2054.65]",0.68
152,149,person,"[783.24, 1666.81, 860.92, 1898.86]",0.53
152,150,person,"[0.0, 1629.53, 204.49, 2500.2]",0.72
153,1,person,"[492.98, 1604.79, 780.33, 2472.63]",0.83
153,2,person,"[1372.9, 1592.59, 1617.69, 2367.72]",0.85
153,3,person,"[181.55, 1541.62, 552.39, 2554.72]",0.87
153,6,person,"[1213.23, 1662.49, 1389.27, 2297.25]",0.76
153,7,person,"[921.45, 1664.31, 1107.5, 2247.92]",0.77
153,110,person,"[1086.7, 1644.45, 1216.05, 2022.07]",0.65
153,85,backpack,"[1417.67, 1737.56, 1573.15, 2004.78]",0.33
153,146,person,"[853.84, 1652.79, 977.33, 2055.92]",0.64
153,149,person,"[781.3, 1667.87, 858.7, 1898.86]",0.49
153,139,person,"[5.24, 1696.61, 160.6, 2455.08]",0.64
154,1,person,"[490.52, 1602.41, 777.66, 2472.06]",0.83
154,2,person,"[1373.51, 1586.67, 1620.33, 2361.4]",0.85
154,3,person,"[178.64, 1540.73, 553.46, 2567.61]",0.89
154,6,person,"[1213.54, 1657.22, 1389.94, 2294.47]",0.79
154,7,person,"[922.78, 1661.77, 1108.8, 2246.32]",0.82
154,110,person,"[1089.93, 1645.36, 1220.07, 2023.67]",0.64
154,85,backpack,"[1423.46, 1742.61, 1570.55, 1996.7]",0.49
154,146,person,"[853.44, 1650.03, 978.27, 2059.42]",0.61
154,149,person,"[781.85, 1666.93, 859.56, 1898.92]",0.49
154,139,person,"[0.32, 1729.06, 154.14, 2488.23]",0.73
155,1,person,"[486.16, 1605.26, 775.36, 2484.03]",0.82
155,2,person,"[1369.46, 1584.7, 1617.44, 2360.06]",0.81
155,3,person,"[174.69, 1541.91, 553.62, 2583.15]",0.9
155,6,person,"[1214.59, 1652.37, 1392.66, 2299.56]",0.76
155,7,person,"[924.8, 1658.98, 1110.66, 2242.23]",0.83
155,110,person,"[1094.0, 1641.25, 1230.64, 2037.45]",0.69
155,85,backpack,"[1420.44, 1726.17, 1573.56, 1991.16]",0.49
155,146,person,"[851.29, 1646.92, 977.53, 2062.13]",0.6
155,149,person,"[779.89, 1665.85, 858.52, 1900.15]",0.48
155,139,person,"[0.0, 1740.87, 147.36, 2521.98]",0.47
156,1,person,"[480.84, 1608.75, 772.31, 2497.84]",0.82
156,2,person,"[1366.19, 1583.41, 1615.91, 2362.87]",0.82
156,3,person,"[170.17, 1545.96, 551.09, 2594.62]",0.9
156,6,person,"[1215.66, 1651.5, 1393.59, 2297.6]",0.77
156,7,person,"[923.71, 1656.26, 1111.28, 2245.1]",0.86
156,110,person,"[1097.64, 1633.36, 1239.66, 2043.38]",0.71
156,85,backpack,"[1420.86, 1717.04, 1579.28, 1989.38]",0.49
156,146,person,"[846.81, 1645.22, 974.46, 2063.3]",0.61
156,149,person,"[778.73, 1665.56, 857.63, 1899.62]",0.44
156,139,person,"[0.0, 1741.05, 137.06, 2554.09]",0.29
157,1,person,"[478.38, 1611.07, 770.06, 2502.29]",0.83
157,2,person,"[1363.52, 1585.31, 1614.29, 2369.38]",0.83
157,3,person,"[166.09, 1549.35, 547.27, 2600.05]",0.89
157,6,person,"[1216.8, 1652.69, 1395.92, 2301.42]",0.77
157,7,person,"[924.17, 1653.86, 1112.72, 2245.89]",0.83
157,110,person,"[1100.33, 1630.37, 1244.29, 2043.68]",0.74
157,85,backpack,"[1422.48, 1712.56, 1584.05, 1987.9]",0.58
157,146,person,"[843.36, 1643.45, 972.57, 2064.11]",0.66
157,149,person,"[778.34, 1665.03, 857.62, 1898.1]",0.41
158,1,person,"[474.41, 1611.35, 767.74, 2508.8]",0.84
158,2,person,"[1361.97, 1583.78, 1613.28, 2371.5]",0.82
158,3,person,"[158.91, 1552.77, 542.08, 2609.99]",0.9
158,6,person,"[1223.01, 1652.39, 1402.31, 2303.51]",0.71
158,7,person,"[923.32, 1652.7, 1115.5, 2257.81]",0.86
158,110,person,"[1102.15, 1633.4, 1246.57, 2048.11]",0.65
158,85,backpack,"[1424.58, 1714.28, 1586.29, 1987.64]",0.51
158,146,person,"[842.11, 1641.35, 972.8, 2064.58]",0.68
158,149,person,"[777.28, 1664.15, 857.86, 1897.93]",0.4
158,171,person,"[1569.92, 1684.18, 1693.33, 2113.25]",0.52
159,1,person,"[471.39, 1611.53, 765.39, 2511.21]",0.84
159,2,person,"[1361.78, 1584.19, 1614.95, 2379.06]",0.83
159,3,person,"[149.23, 1554.07, 535.95, 2620.4]",0.89
159,6,person,"[1226.27, 1653.07, 1407.48, 2313.34]",0.7
159,7,person,"[924.51, 1655.0, 1118.19, 2266.53]",0.85
159,110,person,"[1102.92, 1630.12, 1250.01, 2054.43]",0.7
159,85,backpack,"[1431.16, 1714.08, 1593.13, 1988.18]",0.48
159,146,person,"[843.13, 1641.43, 974.0, 2062.44]",0.72
159,149,person,"[775.89, 1663.8, 857.83, 1898.05]",0.39
159,171,person,"[1566.7, 1686.72, 1689.1, 2111.06]",0.34
160,1,person,"[468.64, 1613.42, 755.23, 2486.26]",0.81
160,2,person,"[1362.68, 1585.87, 1615.68, 2381.99]",0.82
160,3,person,"[144.5, 1556.25, 529.07, 2616.0]",0.9
160,6,person,"[1230.5, 1653.65, 1411.03, 2312.64]",0.69
160,7,person,"[925.32, 1657.22, 1116.25, 2258.8]",0.85
160,110,person,"[1105.96, 1626.97, 1253.87, 2057.45]",0.7
160,85,backpack,"[1430.18, 1714.77, 1594.4, 1991.84]",0.47
160,146,person,"[843.52, 1642.5, 975.17, 2063.66]",0.72
160,149,person,"[774.68, 1662.79, 858.17, 1898.73]",0.43
160,171,person,"[1580.05, 1671.09, 1705.93, 2106.55]",0.32
161,1,person,"[467.8, 1608.91, 748.23, 2456.12]",0.85
161,2,person,"[1367.53, 1588.28, 1619.12, 2379.99]",0.8
161,3,person,"[138.59, 1554.79, 522.22, 2613.96]",0.89
161,6,person,"[1232.08, 1657.04, 1411.33, 2312.42]",0.68
161,7,person,"[923.57, 1659.64, 1115.58, 2262.81]",0.85
161,110,person,"[1108.87, 1626.04, 1256.08, 2057.89]",0.79
161,85,backpack,"[1432.02, 1721.13, 1594.89, 1996.45]",0.26
161,146,person,"[843.84, 1644.06, 977.07, 2069.57]",0.71
161,149,person,"[773.1, 1660.9, 858.23, 1900.26]",0.5
161,171,person,"[1588.09, 1669.87, 1718.32, 2117.74]",0.31
162,1,person,"[460.65, 1614.1, 750.4, 2488.23]",0.84
162,2,person,"[1366.43, 1593.44, 1620.95, 2396.07]",0.81
162,3,person,"[129.96, 1554.37, 514.77, 2621.61]",0.89
162,6,person,"[1233.54, 1659.78, 1412.16, 2314.12]",0.71
162,7,person,"[923.75, 1661.8, 1117.64, 2270.66]",0.84
162,110,person,"[1114.44, 1629.79, 1257.36, 2052.69]",0.74
162,85,backpack,"[1431.37, 1726.94, 1594.52, 2002.24]",0.3
162,146,person,"[843.3, 1646.88, 977.67, 2075.49]",0.7
162,149,person,"[773.0, 1657.85, 858.7, 1897.9]",0.52
162,171,person,"[1593.66, 1674.83, 1728.9, 2134.64]",0.39
163,1,person,"[455.46, 1616.74, 748.21, 2499.12]",0.86
163,2,person,"[1368.61, 1597.72, 1625.04, 2409.12]",0.82
163,3,person,"[126.11, 1551.08, 506.05, 2609.11]",0.9
163,6,person,"[1236.57, 1661.85, 1414.69, 2316.61]",0.74
163,7,person,"[925.69, 1665.31, 1117.4, 2266.51]",0.82
163,110,person,"[1120.17, 1634.64, 1259.17, 2046.72]",0.74
163,85,backpack,"[1435.08, 1730.48, 1599.31, 2007.53]",0.42
163,146,person,"[843.52, 1650.0, 978.53, 2079.6]",0.68
163,149,person,"[771.49, 1656.69, 858.6, 1899.95]",0.45
163,171,person,"[1600.11, 1677.9, 1737.12, 2139.55]",0.38
164,1,person,"[451.23, 1618.38, 743.17, 2498.37]",0.87
164,2,person,"[1371.37, 1603.57, 1624.55, 2411.29]",0.81
164,3,person,"[124.19, 1549.25, 495.66, 2585.35]",0.91
164,6,person,"[1238.67, 1665.21, 1414.37, 2310.16]",0.77
164,7,person,"[925.04, 1669.55, 1117.12, 2270.7]",0.82
164,110,person,"[1121.63, 1640.14, 1261.85, 2060.07]",0.73
164,85,backpack,"[1433.26, 1727.4, 1601.47, 2012.26]",0.37
164,146,person,"[843.95, 1653.8, 978.17, 2080.66]",0.67
164,149,person,"[769.6, 1657.72, 857.8, 1903.16]",0.47
164,171,person,"[1611.71, 1688.36, 1750.06, 2148.32]",0.38
165,1,person,"[449.95, 1617.72, 738.87, 2487.33]",0.88
165,2,person,"[1370.49, 1605.6, 1623.47, 2417.5]",0.82
165,3,person,"[119.25, 1549.58, 481.68, 2560.08]",0.9
165,6,person,"[1242.45, 1666.8, 1416.26, 2305.69]",0.78
165,7,person,"[922.03, 1672.69, 1115.62, 2280.89]",0.82
165,110,person,"[1126.76, 1646.6, 1264.03, 2056.62]",0.74
165,85,backpack,"[1439.4, 1747.84, 1596.55, 2014.33]",0.28
165,146,person,"[839.37, 1657.04, 974.36, 2090.23]",0.65
165,149,person,"[769.91, 1662.12, 856.83, 1903.74]",0.46
165,171,person,"[1613.71, 1684.43, 1759.76, 2165.28]",0.55
166,1,person,"[447.01, 1617.07, 732.48, 2474.5]",0.86
166,2,person,"[1372.73, 1605.33, 1626.94, 2426.92]",0.79
166,3,person,"[116.2, 1550.09, 474.68, 2548.77]",0.88
166,6,person,"[1244.02, 1668.62, 1419.42, 2315.56]",0.77
166,7,person,"[921.96, 1678.74, 1114.14, 2284.57]",0.82
166,110,person,"[1131.37, 1646.87, 1267.88, 2054.14]",0.75
166,85,backpack,"[1441.83, 1751.92, 1596.4, 2013.86]",0.33
166,146,person,"[839.09, 1658.84, 972.03, 2087.39]",0.64
166,149,person,"[768.71, 1662.67, 856.61, 1906.29]",0.45
166,171,person,"[1619.71, 1687.69, 1770.36, 2179.35]",0.52
167,1,person,"[445.74, 1616.97, 728.46, 2461.43]",0.86
167,2,person,"[1379.96, 1602.85, 1633.83, 2429.72]",0.8
167,3,person,"[111.61, 1547.47, 472.38, 2553.09]",0.87
167,6,person,"[1247.29, 1671.13, 1419.71, 2306.57]",0.76
167,7,person,"[917.51, 1681.73, 1110.3, 2283.54]",0.8
167,110,person,"[1135.81, 1651.16, 1272.44, 2059.7]",0.76
167,85,backpack,"[1444.79, 1757.96, 1596.26, 2013.94]",0.35
167,146,person,"[840.71, 1661.06, 972.12, 2084.44]",0.58
167,149,person,"[769.48, 1664.46, 857.71, 1909.71]",0.43
167,171,person,"[1631.25, 1699.47, 1782.86, 2186.39]",0.61
168,1,person,"[444.36, 1614.83, 728.29, 2458.67]",0.84
168,2,person,"[1386.78, 1600.27, 1638.7, 2427.72]",0.84
168,3,person,"[106.16, 1545.81, 469.48, 2559.3]",0.87
168,6,person,"[1249.44, 1670.12, 1421.85, 2301.17]",0.8
168,7,person,"[918.93, 1681.72, 1110.4, 2275.47]",0.82
168,110,person,"[1139.84, 1652.03, 1277.35, 2067.54]",0.77
168,85,backpack,"[1439.64, 1736.65, 1605.45, 2014.3]",0.39
168,146,person,"[841.07, 1660.57, 971.78, 2081.14]",0.57
168,149,person,"[771.4, 1666.54, 859.47, 1911.57]",0.43
168,171,person,"[1638.58, 1697.4, 1791.79, 2182.9]",0.61
169,1,person,"[442.0, 1614.85, 729.03, 2463.09]",0.86
169,2,person,"[1392.97, 1598.86, 1639.97, 2414.15]",0.83
169,3,person,"[100.51, 1545.81, 466.69, 2567.75]",0.88
169,6,person,"[1249.21, 1665.93, 1422.57, 2297.61]",0.72
169,7,person,"[911.36, 1679.98, 1108.54, 2286.87]",0.8
169,110,person,"[1143.85, 1653.86, 1280.35, 2070.18]",0.74
169,85,backpack,"[1439.06, 1731.36, 1607.54, 2012.26]",0.42
169,146,person,"[842.57, 1659.67, 972.37, 2077.07]",0.55
169,149,person,"[772.91, 1670.61, 859.98, 1912.62]",0.35
169,171,person,"[1643.23, 1691.38, 1795.54, 2167.32]",0.65
170,1,person,"[441.89, 1615.67, 730.27, 2462.11]",0.85
170,2,person,"[1397.12, 1595.26, 1638.64, 2394.53]",0.8
170,3,person,"[100.43, 1548.53, 469.08, 2576.82]",0.89
170,6,person,"[1251.29, 1665.91, 1425.57, 2298.45]",0.71
170,7,person,"[901.38, 1674.42, 1104.84, 2297.52]",0.79
170,110,person,"[1148.03, 1652.86, 1283.64, 2068.71]",0.75
170,85,backpack,"[1435.81, 1724.12, 1608.72, 2011.28]",0.45
170,146,person,"[842.47, 1658.41, 971.3, 2072.42]",0.41
170,149,person,"[773.59, 1670.09, 860.45, 1911.94]",0.34
170,171,person,"[1646.31, 1693.51, 1806.57, 2190.83]",0.61
170,180,person,"[842.71, 1660.64, 969.6, 1902.36]",0.34
171,1,person,"[442.35, 1617.24, 731.12, 2459.19]",0.85
171,2,person,"[1398.88, 1593.84, 1635.63, 2377.8]",0.78
171,3,person,"[99.38, 1553.49, 469.64, 2585.12]",0.88
171,6,person,"[1250.7, 1665.4, 1425.9, 2297.86]",0.76
171,7,person,"[897.38, 1670.99, 1098.95, 2285.4]",0.79
171,110,person,"[1151.65, 1652.66, 1285.26, 2064.66]",0.73
171,85,backpack,"[1438.19, 1725.56, 1609.16, 2007.72]",0.41
171,146,person,"[842.62, 1657.34, 970.62, 2067.31]",0.38
171,149,person,"[773.39, 1667.85, 860.4, 1911.02]",0.33
171,171,person,"[1650.2, 1697.78, 1814.55, 2203.88]",0.61
171,180,person,"[840.84, 1658.32, 969.89, 1904.15]",0.33
172,1,person,"[440.92, 1621.27, 731.63, 2463.87]",0.87
172,2,person,"[1398.47, 1591.91, 1633.5, 2370.18]",0.8
172,3,person,"[95.48, 1560.15, 467.73, 2595.91]",0.86
172,6,person,"[1250.55, 1661.24, 1429.17, 2302.17]",0.7
172,7,person,"[890.11, 1666.37, 1099.47, 2300.6]",0.8
172,110,person,"[1152.73, 1654.87, 1286.26, 2068.4]",0.69
172,85,backpack,"[1438.78, 1722.55, 1611.28, 2004.67]",0.52
172,146,person,"[844.75, 1656.76, 964.09, 2034.54]",0.29
172,149,person,"[773.88, 1663.84, 861.4, 1909.58]",0.31
172,171,person,"[1655.11, 1718.45, 1824.19, 2231.42]",0.55
172,180,person,"[838.85, 1656.67, 969.84, 1906.39]",0.31
173,1,person,"[437.42, 1624.03, 731.05, 2471.59]",0.87
173,2,person,"[1397.7, 1590.61, 1631.38, 2368.49]",0.81
173,3,person,"[91.85, 1564.88, 466.53, 2607.77]",0.87
173,6,person,"[1247.45, 1661.61, 1429.02, 2309.71]",0.72
173,7,person,"[885.71, 1665.26, 1096.26, 2297.26]",0.79
173,110,person,"[1154.41, 1658.51, 1286.91, 2070.44]",0.69
173,85,backpack,"[1437.33, 1721.12, 1611.56, 2003.94]",0.54
173,149,person,"[774.42, 1662.64, 862.81, 1912.57]",0.35
173,171,person,"[1668.81, 1749.28, 1835.44, 2241.97]",0.64
173,180,person,"[838.2, 1656.23, 969.0, 1905.96]",0.31
174,1,person,"[435.1, 1626.6, 729.85, 2473.66]",0.83
174,2,person,"[1397.44, 1589.35, 1631.5, 2371.16]",0.81
174,3,person,"[90.65, 1571.94, 465.68, 2616.48]",0.86
174,6,person,"[1246.56, 1665.02, 1426.21, 2300.27]",0.72
174,7,person,"[883.55, 1663.98, 1096.93, 2299.34]",0.81
174,110,person,"[1156.68, 1659.51, 1288.71, 2071.96]",0.73
174,85,backpack,"[1443.58, 1719.2, 1617.98, 2001.49]",0.58
174,149,person,"[773.48, 1661.76, 862.5, 1915.98]",0.34
174,171,person,"[1671.48, 1742.55, 1843.79, 2246.38]",0.48
174,180,person,"[835.12, 1654.7, 968.07, 1909.46]",0.33
175,1,person,"[427.07, 1633.67, 728.62, 2498.06]",0.83
175,2,person,"[1396.46, 1588.19, 1632.03, 2379.37]",0.81
175,3,person,"[91.13, 1576.86, 464.94, 2620.1]",0.86
175,6,person,"[1246.2, 1671.67, 1427.59, 2304.97]",0.76
175,7,person,"[881.91, 1663.29, 1096.78, 2298.71]",0.8
175,110,person,"[1158.34, 1660.24, 1289.12, 2070.12]",0.77
175,85,backpack,"[1446.0, 1717.58, 1619.72, 1998.25]",0.58
175,149,person,"[773.9, 1661.86, 861.67, 1915.21]",0.39
175,171,person,"[1679.53, 1710.38, 1866.28, 2252.16]",0.53
175,180,person,"[835.21, 1654.08, 967.18, 1907.79]",0.3
175,182,person,"[386.7, 1675.65, 485.47, 1858.95]",0.38
176,1,person,"[422.81, 1638.46, 726.39, 2506.31]",0.83
176,2,person,"[1394.85, 1587.25, 1630.32, 2379.75]",0.81
176,3,person,"[92.25, 1581.49, 462.25, 2615.57]",0.84
176,6,person,"[1244.21, 1674.67, 1426.21, 2301.54]",0.76
176,7,person,"[877.81, 1660.98, 1093.84, 2299.09]",0.8
176,110,person,"[1159.65, 1659.28, 1289.52, 2067.23]",0.76
176,85,backpack,"[1445.85, 1716.86, 1621.56, 2000.36]",0.58
176,149,person,"[773.36, 1662.99, 859.78, 1914.82]",0.37
176,171,person,"[1687.59, 1698.53, 1881.77, 2257.79]",0.57
176,180,person,"[835.26, 1656.53, 964.46, 1905.5]",0.29
176,182,person,"[383.69, 1675.63, 486.54, 1866.69]",0.3
177,1,person,"[427.44, 1636.86, 722.85, 2475.4]",0.82
177,2,person,"[1390.58, 1590.79, 1627.47, 2385.62]",0.79
177,3,person,"[93.9, 1582.3, 461.65, 2614.71]",0.84
177,6,person,"[1245.12, 1674.12, 1428.17, 2296.84]",0.73
177,7,person,"[875.89, 1660.84, 1092.63, 2304.02]",0.8
177,110,person,"[1161.08, 1659.15, 1291.18, 2070.23]",0.74
177,85,backpack,"[1441.41, 1715.34, 1622.9, 2008.26]",0.69
177,149,person,"[772.11, 1661.38, 858.66, 1916.09]",0.4
177,171,person,"[1692.79, 1681.29, 1895.7, 2262.37]",0.45
177,180,person,"[835.36, 1659.07, 962.45, 1904.61]",0.32
178,1,person,"[423.58, 1638.45, 718.7, 2470.49]",0.82
178,2,person,"[1386.38, 1598.2, 1624.87, 2391.6]",0.78
178,3,person,"[94.13, 1582.49, 459.12, 2610.67]",0.85
178,6,person,"[1244.06, 1675.6, 1429.1, 2295.79]",0.77
178,7,person,"[875.75, 1661.62, 1090.82, 2298.84]",0.8
178,110,person,"[1163.79, 1658.1, 1291.78, 2064.62]",0.71
178,85,backpack,"[1435.84, 1715.95, 1620.17, 2012.92]",0.59
178,149,person,"[771.08, 1659.78, 858.14, 1918.14]",0.35
178,171,person,"[1703.23, 1680.29, 1910.17, 2267.7]",0.43
178,180,person,"[833.26, 1657.42, 962.39, 1908.02]",0.35
178,184,backpack,"[1235.07, 1803.86, 1375.93, 2001.76]",0.44
179,1,person,"[421.12, 1638.42, 714.32, 2459.26]",0.83
179,2,person,"[1390.47, 1599.91, 1627.55, 2387.57]",0.78
179,3,person,"[91.53, 1580.62, 457.72, 2615.84]",0.86
179,6,person,"[1242.09, 1677.23, 1430.33, 2301.35]",0.77
179,7,person,"[875.16, 1665.54, 1088.92, 2298.29]",0.82
179,110,person,"[1165.57, 1657.68, 1294.33, 2068.07]",0.67
179,85,backpack,"[1439.61, 1722.02, 1621.08, 2015.65]",0.53
179,149,person,"[770.54, 1661.49, 857.0, 1919.58]",0.35
179,171,person,"[1708.26, 1678.79, 1904.31, 2236.17]",0.4
179,180,person,"[831.16, 1657.51, 960.76, 1910.67]",0.32
179,184,backpack,"[1230.77, 1805.85, 1372.99, 2005.71]",0.52
180,1,person,"[416.64, 1639.18, 713.45, 2467.51]",0.84
180,2,person,"[1392.6, 1607.71, 1629.11, 2395.88]",0.82
180,3,person,"[95.23, 1581.61, 454.39, 2598.22]",0.87
180,6,person,"[1238.04, 1678.88, 1429.32, 2308.68]",0.77
180,7,person,"[875.37, 1669.71, 1090.37, 2308.66]",0.8
180,110,person,"[1168.58, 1656.4, 1296.63, 2065.58]",0.54
180,85,backpack,"[1435.28, 1725.07, 1617.84, 2020.22]",0.5
180,149,person,"[768.95, 1658.45, 855.86, 1918.81]",0.34
180,171,person,"[1722.06, 1679.08, 1931.34, 2273.34]",0.62
180,180,person,"[829.12, 1657.69, 960.05, 1915.83]",0.28
180,184,backpack,"[1225.81, 1808.77, 1369.87, 2011.51]",0.42
181,1,person,"[413.58, 1637.14, 713.18, 2471.68]",0.85
181,2,person,"[1387.22, 1614.98, 1626.22, 2407.99]",0.81
181,3,person,"[94.48, 1580.19, 446.62, 2573.26]",0.88
181,6,person,"[1232.73, 1678.52, 1424.23, 2308.51]",0.73
181,7,person,"[872.53, 1673.24, 1088.21, 2317.36]",0.79
181,110,person,"[1171.73, 1655.99, 1297.76, 2060.12]",0.55
181,85,backpack,"[1431.54, 1730.87, 1614.65, 2025.41]",0.51
181,149,person,"[768.32, 1659.39, 855.17, 1920.35]",0.41
181,171,person,"[1735.43, 1682.26, 1951.57, 2292.15]",0.65
181,184,backpack,"[1226.46, 1809.64, 1372.33, 2014.59]",0.33
181,186,person,"[1582.9, 1654.42, 1760.38, 2300.88]",0.58
182,1,person,"[412.48, 1639.7, 711.03, 2467.95]",0.82
182,2,person,"[1389.76, 1621.05, 1624.92, 2400.77]",0.8
182,3,person,"[88.55, 1573.16, 438.03, 2553.9]",0.88
182,6,person,"[1230.45, 1681.44, 1422.86, 2314.04]",0.7
182,7,person,"[877.01, 1677.1, 1092.6, 2323.33]",0.77
182,110,person,"[1170.95, 1656.68, 1296.93, 2059.82]",0.53
182,85,backpack,"[1430.65, 1748.05, 1608.02, 2032.18]",0.46
182,149,person,"[767.47, 1661.77, 853.75, 1922.65]",0.43
182,171,person,"[1746.37, 1682.02, 1973.07, 2315.19]",0.72
182,184,backpack,"[1224.19, 1813.98, 1359.86, 2004.82]",0.41
182,186,person,"[1587.67, 1654.12, 1769.25, 2315.34]",0.57
182,180,person,"[829.96, 1662.84, 956.47, 1914.27]",0.31
183,1,person,"[411.81, 1638.83, 710.28, 2463.86]",0.81
183,2,person,"[1390.8, 1624.75, 1627.09, 2411.18]",0.76
183,3,person,"[76.18, 1570.13, 426.43, 2542.26]",0.89
183,6,person,"[1228.21, 1682.07, 1421.29, 2319.24]",0.69
183,7,person,"[876.5, 1681.54, 1092.61, 2330.81]",0.76
183,110,person,"[1172.47, 1658.45, 1295.99, 2050.61]",0.54
183,85,backpack,"[1430.18, 1756.63, 1606.42, 2038.38]",0.47
183,149,person,"[767.37, 1666.38, 851.99, 1923.62]",0.4
183,171,person,"[1751.63, 1681.39, 1988.52, 2342.27]",0.69
183,184,backpack,"[1221.03, 1815.58, 1353.04, 2002.25]",0.51
183,180,person,"[828.5, 1670.19, 956.9, 1927.74]",0.33
183,146,person,"[835.53, 1665.74, 951.23, 2034.67]",0.26
184,1,person,"[410.25, 1635.39, 709.6, 2462.85]",0.8
184,2,person,"[1389.97, 1626.57, 1626.9, 2418.03]",0.82
184,3,person,"[64.12, 1570.29, 419.71, 2545.81]",0.89
184,6,person,"[1226.16, 1679.62, 1420.02, 2323.8]",0.67
184,7,person,"[875.27, 1684.64, 1092.01, 2338.92]",0.77
184,110,person,"[1172.34, 1658.64, 1295.96, 2048.84]",0.5
184,85,backpack,"[1429.9, 1760.7, 1603.89, 2037.52]",0.53
184,149,person,"[767.05, 1666.83, 851.42, 1924.16]",0.38
184,171,person,"[1763.26, 1682.98, 2005.13, 2353.59]",0.58
184,184,backpack,"[1220.96, 1812.39, 1352.38, 1999.29]",0.45
184,180,person,"[827.87, 1672.01, 956.65, 1932.54]",0.33
185,1,person,"[404.77, 1637.65, 708.11, 2476.12]",0.81
185,2,person,"[1390.65, 1626.04, 1628.54, 2422.22]",0.8
185,3,person,"[55.7, 1571.94, 415.1, 2546.38]",0.89
185,6,person,"[1226.25, 1679.74, 1420.62, 2331.97]",0.66
185,7,person,"[872.2, 1687.11, 1092.2, 2352.96]",0.78
185,110,person,"[1172.44, 1661.24, 1296.61, 2051.26]",0.49
185,85,backpack,"[1426.74, 1761.85, 1595.89, 2032.16]",0.34
185,149,person,"[766.39, 1670.45, 849.69, 1925.91]",0.31
185,171,person,"[1774.65, 1689.57, 2021.0, 2367.23]",0.69
185,184,backpack,"[1217.68, 1812.19, 1346.79, 1997.37]",0.27
185,180,person,"[828.17, 1674.63, 956.07, 1934.38]",0.3
185,146,person,"[832.3, 1669.75, 949.44, 2043.08]",0.26
186,1,person,"[403.72, 1636.22, 702.98, 2461.74]",0.8
186,2,person,"[1390.53, 1623.43, 1627.15, 2414.21]",0.81
186,3,person,"[41.23, 1571.11, 408.69, 2556.16]",0.88
186,6,person,"[1227.58, 1676.78, 1422.32, 2338.35]",0.64
186,7,person,"[873.19, 1688.29, 1094.7, 2360.75]",0.78
186,110,person,"[1172.14, 1661.54, 1297.34, 2052.96]",0.44
186,149,person,"[764.21, 1669.78, 847.53, 1928.29]",0.26
186,171,person,"[1784.88, 1695.21, 2036.5, 2388.73]",0.71
186,184,backpack,"[1222.25, 1811.52, 1354.76, 2003.4]",0.3
186,146,person,"[828.19, 1669.57, 948.0, 2052.78]",0.27
186,186,person,"[1630.37, 1657.83, 1825.72, 2364.16]",0.35
187,1,person,"[402.75, 1635.04, 700.61, 2458.51]",0.82
187,2,person,"[1391.18, 1619.57, 1625.1, 2398.14]",0.79
187,3,person,"[31.27, 1572.09, 405.74, 2566.44]",0.88
187,6,person,"[1230.5, 1670.79, 1424.33, 2340.5]",0.61
187,7,person,"[876.74, 1688.6, 1099.33, 2366.66]",0.79
187,110,person,"[1176.59, 1660.3, 1302.93, 2055.8]",0.45
187,149,person,"[762.59, 1674.34, 844.55, 1930.33]",0.27
187,171,person,"[1804.87, 1700.94, 2063.89, 2408.4]",0.72
187,184,backpack,"[1222.03, 1807.07, 1352.75, 1997.91]",0.32
187,146,person,"[825.94, 1672.25, 946.82, 2057.91]",0.34
187,186,person,"[1634.14, 1650.72, 1839.34, 2384.11]",0.43
187,180,person,"[822.59, 1676.29, 955.72, 1949.19]",0.25
188,1,person,"[394.83, 1634.64, 700.94, 2486.63]",0.85
188,2,person,"[1392.1, 1617.02, 1623.46, 2384.66]",0.8
188,3,person,"[23.74, 1573.46, 404.9, 2577.03]",0.89
188,6,person,"[1232.95, 1668.37, 1423.94, 2338.73]",0.57
188,7,person,"[881.58, 1687.59, 1105.1, 2369.94]",0.8
188,110,person,"[1178.45, 1661.47, 1306.6, 2061.51]",0.36
188,149,person,"[761.91, 1678.96, 842.78, 1932.53]",0.28
188,171,person,"[1816.15, 1698.77, 2081.82, 2422.9]",0.7
188,184,backpack,"[1215.0, 1800.88, 1345.78, 1994.29]",0.36
188,146,person,"[822.98, 1673.85, 944.32, 2058.5]",0.41
188,186,person,"[1635.17, 1662.67, 1842.72, 2389.71]",0.51
189,1,person,"[391.46, 1636.29, 698.98, 2498.34]",0.84
189,2,person,"[1392.3, 1614.55, 1623.74, 2379.05]",0.78
189,3,person,"[18.13, 1577.33, 404.17, 2586.77]",0.89
189,6,person,"[1235.17, 1667.33, 1424.49, 2340.65]",0.59
189,7,person,"[888.53, 1686.89, 1111.28, 2369.64]",0.81
189,110,person,"[1179.89, 1661.26, 1309.49, 2068.01]",0.37
189,149,person,"[760.87, 1681.99, 839.38, 1929.47]",0.31
189,171,person,"[1834.64, 1698.78, 2106.31, 2435.83]",0.7
189,146,person,"[819.35, 1674.01, 943.14, 2067.37]",0.47
189,186,person,"[1654.9, 1664.93, 1866.75, 2401.68]",0.33
190,1,person,"[388.56, 1639.72, 696.25, 2509.46]",0.83
190,2,person,"[1393.02, 1611.45, 1627.02, 2380.99]",0.74
190,3,person,"[16.22, 1581.12, 405.74, 2593.97]",0.88
190,6,person,"[1236.09, 1668.11, 1424.3, 2344.3]",0.59
190,7,person,"[892.97, 1685.6, 1114.73, 2366.42]",0.81
190,110,person,"[1182.17, 1665.35, 1310.54, 2069.06]",0.4
190,149,person,"[760.11, 1682.49, 837.22, 1927.7]",0.27
190,171,person,"[1852.12, 1697.22, 2130.46, 2454.25]",0.64
190,146,person,"[817.12, 1679.65, 940.69, 2073.67]",0.56
190,186,person,"[1660.06, 1664.21, 1884.51, 2429.17]",0.66
190,85,backpack,"[1429.2, 1745.63, 1597.13, 2013.15]",0.3
191,1,person,"[389.16, 1640.97, 694.25, 2506.16]",0.84
191,2,person,"[1392.82, 1608.4, 1629.93, 2384.3]",0.78
191,3,person,"[17.24, 1590.47, 406.57, 2599.62]",0.87
191,6,person,"[1238.1, 1664.7, 1425.4, 2341.59]",0.63
191,7,person,"[898.25, 1681.04, 1117.11, 2353.16]",0.8
191,110,person,"[1187.91, 1666.95, 1315.41, 2069.13]",0.38
191,149,person,"[760.0, 1682.36, 835.03, 1923.6]",0.29
191,171,person,"[1869.54, 1697.41, 2145.37, 2449.5]",0.54
191,146,person,"[814.64, 1682.59, 938.19, 2078.01]",0.65
191,186,person,"[1666.03, 1658.57, 1903.7, 2453.95]",0.71
191,85,backpack,"[1429.27, 1742.76, 1596.69, 2011.75]",0.26
191,184,backpack,"[1197.36, 1800.62, 1348.31, 2029.28]",0.44
192,1,person,"[392.67, 1641.72, 695.03, 2498.12]",0.82
192,2,person,"[1393.88, 1605.15, 1635.11, 2389.23]",0.79
192,3,person,"[14.92, 1595.6, 405.73, 2606.26]",0.86
192,6,person,"[1239.81, 1662.85, 1428.33, 2344.85]",0.58
192,7,person,"[899.99, 1676.79, 1119.69, 2350.73]",0.81
192,110,person,"[1188.31, 1669.77, 1318.45, 2081.47]",0.37
192,149,person,"[758.36, 1680.65, 832.76, 1922.67]",0.26
192,171,person,"[1889.44, 1684.76, 2160.0, 2425.09]",0.39
192,146,person,"[813.51, 1682.6, 937.6, 2080.56]",0.59
192,186,person,"[1683.82, 1657.52, 1927.8, 2466.38]",0.41
192,184,backpack,"[1195.42, 1795.67, 1349.36, 2033.91]",0.43
193,1,person,"[391.71, 1644.39, 694.98, 2504.32]",0.82
193,2,person,"[1397.59, 1603.74, 1642.28, 2398.12]",0.83
193,3,person,"[13.05, 1595.07, 407.48, 2613.3]",0.88
193,6,person,"[1244.74, 1663.1, 1435.85, 2351.94]",0.61
193,7,person,"[900.68, 1673.37, 1121.62, 2349.4]",0.81
193,110,person,"[1187.82, 1670.36, 1319.58, 2088.4]",0.36
193,171,person,"[1886.69, 1671.15, 2160.0, 2465.16]",0.55
193,146,person,"[811.66, 1683.16, 936.89, 2085.05]",0.62
193,186,person,"[1694.12, 1653.81, 1942.3, 2464.75]",0.47
193,184,backpack,"[1193.3, 1796.14, 1348.98, 2042.97]",0.36
194,1,person,"[397.06, 1645.88, 685.27, 2456.69]",0.84
194,2,person,"[1400.56, 1604.42, 1648.06, 2409.15]",0.82
194,3,person,"[9.34, 1593.81, 402.4, 2607.86]",0.87
194,6,person,"[1246.89, 1662.37, 1437.6, 2345.82]",0.6
194,7,person,"[902.19, 1674.65, 1122.72, 2348.88]",0.8
194,110,person,"[1191.95, 1675.73, 1321.89, 2084.83]",0.39
194,171,person,"[1907.0, 1671.65, 2160.0, 2460.87]",0.42
194,146,person,"[809.98, 1683.77, 936.61, 2089.58]",0.67
194,186,person,"[1720.08, 1655.29, 1970.04, 2476.05]",0.4
194,184,backpack,"[1189.31, 1791.54, 1348.61, 2051.27]",0.29
194,191,person,"[562.94, 1659.99, 729.11, 2106.89]",0.34
194,192,person,"[1791.47, 1661.08, 1978.09, 2458.7]",0.41
195,1,person,"[390.77, 1645.24, 690.08, 2488.64]",0.85
195,2,person,"[1403.89, 1607.14, 1652.09, 2416.51]",0.84
195,3,person,"[6.62, 1591.21, 397.53, 2601.64]",0.88
195,6,person,"[1246.98, 1662.56, 1436.21, 2335.1]",0.58
195,7,person,"[904.26, 1677.51, 1125.21, 2351.93]",0.82
195,110,person,"[1195.5, 1675.3, 1326.31, 2083.05]",0.39
195,171,person,"[1926.31, 1674.85, 2160.0, 2473.63]",0.46
195,146,person,"[808.11, 1683.15, 935.83, 2090.36]",0.71
195,186,person,"[1728.0, 1648.81, 1986.06, 2490.46]",0.55
195,191,person,"[567.95, 1661.27, 730.49, 2098.19]",0.35
195,192,person,"[1807.42, 1655.16, 1997.66, 2468.17]",0.32
196,1,person,"[386.3, 1644.64, 686.2, 2493.59]",0.86
196,2,person,"[1409.39, 1612.11, 1656.97, 2423.14]",0.86
196,3,person,"[0.0, 1588.41, 390.4, 2601.31]",0.88
196,6,person,"[1244.77, 1663.16, 1440.32, 2354.73]",0.67
196,7,person,"[905.98, 1678.81, 1128.27, 2356.06]",0.82
196,110,person,"[1199.51, 1678.38, 1327.97, 2075.25]",0.32
196,171,person,"[1946.64, 1718.0, 2160.0, 2496.24]",0.53
196,146,person,"[807.11, 1682.76, 934.93, 2087.38]",0.73
196,186,person,"[1752.72, 1646.05, 2012.56, 2493.82]",0.57
196,191,person,"[570.8, 1663.34, 731.65, 2096.05]",0.33
196,184,backpack,"[1181.15, 1771.94, 1352.61, 2061.65]",0.3
197,1,person,"[384.42, 1644.49, 681.12, 2486.59]",0.86
197,2,person,"[1412.33, 1617.2, 1659.72, 2431.99]",0.85
197,3,person,"[2.98, 1587.15, 389.07, 2587.57]",0.88
197,6,person,"[1250.17, 1666.67, 1445.09, 2358.52]",0.69
197,7,person,"[906.45, 1675.8, 1132.31, 2364.08]",0.81
197,110,person,"[1201.72, 1678.44, 1328.94, 2074.51]",0.32
197,171,person,"[1965.02, 1727.47, 2160.0, 2517.66]",0.58
197,146,person,"[806.34, 1683.69, 934.61, 2085.61]",0.73
197,186,person,"[1754.75, 1642.08, 2025.15, 2513.38]",0.58
197,191,person,"[573.34, 1665.42, 730.49, 2087.2]",0.34
198,1,person,"[383.93, 1643.16, 675.99, 2473.2]",0.87
198,2,person,"[1415.74, 1624.86, 1662.95, 2440.94]",0.84
198,3,person,"[5.36, 1583.93, 382.95, 2563.22]",0.87
198,6,person,"[1255.91, 1669.68, 1450.56, 2367.73]",0.73
198,7,person,"[905.97, 1679.71, 1133.36, 2372.79]",0.81
198,110,person,"[1207.26, 1679.45, 1329.48, 2063.96]",0.3
198,171,person,"[1982.01, 1715.57, 2160.0, 2509.13]",0.56
198,146,person,"[802.97, 1683.96, 933.03, 2085.61]",0.71
198,186,person,"[1763.16, 1640.15, 2041.09, 2525.79]",0.67
198,191,person,"[572.89, 1664.3, 726.15, 2074.64]",0.37
198,192,person,"[1849.83, 1640.9, 2055.73, 2520.94]",0.3
199,1,person,"[382.67, 1643.19, 669.62, 2459.69]",0.85
199,2,person,"[1422.83, 1626.08, 1670.13, 2447.01]",0.83
199,3,person,"[9.9, 1583.82, 379.36, 2542.87]",0.87
199,6,person,"[1257.42, 1673.25, 1453.54, 2378.68]",0.73
199,7,person,"[906.62, 1681.37, 1136.95, 2384.63]",0.82
199,110,person,"[1211.49, 1681.14, 1330.6, 2056.39]",0.34
199,146,person,"[806.09, 1683.64, 937.47, 2089.09]",0.7
199,186,person,"[1777.74, 1639.88, 2063.65, 2538.34]",0.7
199,191,person,"[568.49, 1660.93, 730.5, 2095.55]",0.4
199,149,person,"[751.66, 1682.37, 823.88, 1920.86]",0.29
200,1,person,"[379.69, 1643.14, 664.32, 2452.79]",0.85
200,2,person,"[1427.55, 1630.96, 1672.99, 2446.17]",0.83
200,3,person,"[11.81, 1583.86, 379.0, 2538.43]",0.87
200,6,person,"[1257.9, 1679.86, 1452.68, 2382.18]",0.73
200,7,person,"[907.49, 1684.58, 1137.78, 2389.45]",0.82
200,110,person,"[1214.65, 1679.98, 1331.13, 2045.46]",0.38
200,146,person,"[806.31, 1685.55, 938.87, 2095.69]",0.69
200,186,person,"[1793.19, 1640.38, 2090.16, 2557.8]",0.77
200,191,person,"[555.46, 1662.36, 749.84, 2191.97]",0.41
200,201,person,"[1158.06, 1698.74, 1227.12, 1941.07]",0.33
200,149,person,"[751.82, 1680.47, 823.68, 1922.06]",0.28
201,1,person,"[378.32, 1643.84, 660.73, 2447.66]",0.84
201,2,person,"[1436.42, 1633.6, 1679.42, 2441.54]",0.85
201,3,person,"[12.27, 1584.79, 379.95, 2542.0]",0.87
201,6,person,"[1256.47, 1682.84, 1450.71, 2382.32]",0.72
201,7,person,"[907.9, 1687.03, 1136.64, 2388.51]",0.83
201,110,person,"[1216.59, 1678.27, 1331.29, 2036.34]",0.38
201,146,person,"[805.87, 1687.67, 938.12, 2098.26]",0.72
201,186,person,"[1803.14, 1639.42, 2118.64, 2602.95]",0.32
201,191,person,"[550.84, 1667.25, 752.68, 2226.21]",0.39
201,201,person,"[1159.49, 1701.87, 1227.51, 1940.39]",0.27
201,149,person,"[751.15, 1679.53, 823.27, 1925.08]",0.3
202,1,person,"[376.24, 1644.8, 659.52, 2453.96]",0.83
202,2,person,"[1442.46, 1634.62, 1685.19, 2441.96]",0.86
202,3,person,"[12.08, 1585.39, 379.13, 2542.53]",0.87
202,6,person,"[1253.18, 1683.1, 1447.36, 2385.19]",0.71
202,7,person,"[908.61, 1690.87, 1136.23, 2390.76]",0.82
202,110,person,"[1219.01, 1677.35, 1332.42, 2027.8]",0.4
202,146,person,"[804.75, 1689.71, 937.09, 2101.89]",0.74
202,186,person,"[1811.43, 1647.25, 2141.1, 2646.2]",0.68
202,191,person,"[544.39, 1672.34, 753.3, 2261.7]",0.45
202,201,person,"[1159.19, 1701.02, 1227.9, 1941.74]",0.31
202,149,person,"[751.35, 1682.29, 822.77, 1928.23]",0.25
203,1,person,"[374.01, 1647.61, 657.1, 2457.4]",0.81
203,2,person,"[1448.83, 1634.98, 1692.56, 2446.46]",0.85
203,3,person,"[13.43, 1589.36, 381.54, 2551.11]",0.85
203,6,person,"[1250.98, 1679.16, 1446.41, 2389.11]",0.74
203,7,person,"[909.12, 1691.5, 1137.65, 2397.35]",0.83
203,110,person,"[1220.25, 1676.26, 1332.84, 2020.68]",0.34
203,146,person,"[803.49, 1689.4, 936.36, 2104.76]",0.76
203,186,person,"[1842.63, 1649.66, 2139.73, 2526.75]",0.4
203,191,person,"[542.61, 1674.84, 755.08, 2288.22]",0.45
203,201,person,"[1160.47, 1710.71, 1227.7, 1944.83]",0.33
203,184,backpack,"[1199.24, 1770.01, 1343.48, 2024.26]",0.4
204,1,person,"[369.38, 1648.03, 656.98, 2473.87]",0.82
204,2,person,"[1458.39, 1631.16, 1701.24, 2439.27]",0.84
204,3,person,"[12.86, 1591.36, 383.45, 2559.89]",0.86
204,6,person,"[1249.92, 1676.06, 1447.65, 2400.77]",0.75
204,7,person,"[909.93, 1692.83, 1138.21, 2401.56]",0.84
204,110,person,"[1219.74, 1675.45, 1332.57, 2017.59]",0.31
204,146,person,"[801.42, 1689.77, 934.92, 2107.57]",0.78
204,186,person,"[1827.49, 1655.76, 2160.0, 2674.49]",0.85
204,191,person,"[542.53, 1676.0, 750.89, 2288.46]",0.45
204,201,person,"[1161.52, 1717.37, 1227.36, 1945.44]",0.28
204,217,backpack,"[1265.65, 1796.72, 1423.5, 2056.56]",0.39
204,218,backpack,"[1501.09, 1763.5, 1673.63, 2041.99]",0.32
204,184,backpack,"[1201.6, 1765.21, 1341.5, 2021.42]",0.49
205,1,person,"[367.5, 1646.56, 656.76, 2481.55]",0.8
205,2,person,"[1466.85, 1627.49, 1707.56, 2426.36]",0.85
205,3,person,"[13.5, 1592.8, 388.11, 2572.23]",0.85
205,6,person,"[1250.65, 1675.4, 1448.84, 2409.47]",0.74
205,7,person,"[909.01, 1693.96, 1138.35, 2410.15]",0.84
205,110,person,"[1218.85, 1674.81, 1332.33, 2016.61]",0.29
205,146,person,"[799.6, 1689.58, 933.85, 2109.52]",0.78
205,186,person,"[1826.81, 1654.26, 2160.0, 2738.57]",0.86
205,191,person,"[542.68, 1676.86, 744.4, 2279.31]",0.44
205,217,backpack,"[1269.08, 1795.73, 1424.17, 2051.37]",0.36
205,218,backpack,"[1507.81, 1761.22, 1679.88, 2038.95]",0.36
205,184,backpack,"[1206.65, 1773.11, 1337.23, 2019.42]",0.48
206,1,person,"[363.74, 1648.07, 653.94, 2491.1]",0.8
206,2,person,"[1472.01, 1623.0, 1711.94, 2417.34]",0.87
206,3,person,"[9.21, 1594.49, 387.24, 2584.76]",0.85
206,6,person,"[1250.18, 1673.87, 1448.44, 2416.42]",0.76
206,7,person,"[908.67, 1694.26, 1138.69, 2417.71]",0.85
206,110,person,"[1217.66, 1673.75, 1332.4, 2018.37]",0.26
206,146,person,"[798.78, 1688.75, 933.21, 2109.2]",0.78
206,186,person,"[1830.08, 1650.69, 2160.0, 2787.91]",0.68
206,191,person,"[546.15, 1677.14, 737.06, 2253.2]",0.45
206,217,backpack,"[1269.03, 1788.79, 1429.75, 2054.44]",0.42
206,184,backpack,"[1207.24, 1770.11, 1336.33, 2022.03]",0.44
207,1,person,"[365.94, 1650.63, 654.53, 2494.36]",0.8
207,2,person,"[1477.89, 1620.14, 1718.19, 2414.18]",0.85
207,3,person,"[8.99, 1599.23, 386.72, 2591.44]",0.85
207,6,person,"[1246.94, 1672.96, 1444.3, 2417.02]",0.74
207,7,person,"[907.2, 1695.1, 1134.86, 2417.66]",0.84
207,110,person,"[1218.3, 1672.6, 1333.52, 2019.44]",0.28
207,146,person,"[798.5, 1688.41, 932.44, 2107.0]",0.75
207,186,person,"[1835.34, 1646.77, 2160.0, 2828.29]",0.71
207,191,person,"[548.4, 1677.57, 731.76, 2235.92]",0.42
207,217,backpack,"[1258.51, 1777.89, 1432.26, 2065.7]",0.52
207,184,backpack,"[1208.44, 1762.55, 1338.56, 2023.24]",0.42
207,201,person,"[1160.87, 1717.74, 1228.07, 1949.11]",0.27
207,218,backpack,"[1523.36, 1760.34, 1696.17, 2039.07]",0.39
208,1,person,"[371.73, 1652.12, 651.18, 2470.33]",0.78
208,2,person,"[1483.39, 1618.77, 1725.46, 2415.21]",0.86
208,3,person,"[20.34, 1601.43, 393.58, 2590.32]",0.83
208,6,person,"[1246.19, 1674.02, 1442.21, 2417.03]",0.72
208,7,person,"[905.61, 1693.34, 1134.21, 2426.57]",0.83
208,110,person,"[1217.11, 1673.43, 1335.46, 2030.58]",0.33
208,146,person,"[798.43, 1685.31, 931.92, 2102.13]",0.77
208,186,person,"[1847.07, 1645.46, 2160.0, 2850.72]",0.74
208,191,person,"[554.57, 1673.7, 724.75, 2192.26]",0.42
208,217,backpack,"[1259.28, 1776.73, 1435.22, 2069.28]",0.48
208,184,backpack,"[1210.28, 1766.39, 1334.49, 2024.18]",0.31
208,218,backpack,"[1530.82, 1765.75, 1698.17, 2036.11]",0.43
209,1,person,"[367.77, 1654.21, 649.51, 2481.26]",0.78
209,2,person,"[1488.18, 1611.39, 1733.75, 2413.56]",0.85
209,3,person,"[24.28, 1604.36, 393.85, 2592.62]",0.82
209,6,person,"[1248.21, 1674.05, 1443.31, 2416.05]",0.73
209,7,person,"[905.41, 1690.67, 1134.48, 2432.51]",0.82
209,110,person,"[1215.74, 1673.4, 1337.02, 2040.4]",0.36
209,146,person,"[797.36, 1680.64, 930.72, 2095.8]",0.75
209,186,person,"[1865.34, 1651.76, 2160.0, 2842.42]",0.78
209,191,person,"[553.11, 1673.48, 721.17, 2187.49]",0.36
209,217,backpack,"[1254.99, 1780.79, 1433.3, 2077.35]",0.52
209,184,backpack,"[1212.3, 1772.43, 1331.06, 2027.21]",0.36
209,218,backpack,"[1531.8, 1768.24, 1693.89, 2030.68]",0.26
209,201,person,"[1159.65, 1712.09, 1229.44, 1950.39]",0.26
210,1,person,"[364.44, 1653.46, 645.06, 2481.89]",0.78
210,2,person,"[1489.55, 1607.76, 1738.75, 2415.96]",0.85
210,3,person,"[18.02, 1605.6, 385.86, 2594.18]",0.84
210,6,person,"[1252.92, 1674.91, 1447.15, 2415.92]",0.76
210,7,person,"[903.82, 1688.36, 1132.57, 2437.15]",0.83
210,110,person,"[1214.79, 1673.87, 1337.47, 2046.31]",0.38
210,146,person,"[793.67, 1674.69, 929.89, 2097.48]",0.75
210,186,person,"[1881.42, 1659.6, 2160.0, 2835.12]",0.56
210,191,person,"[549.29, 1670.81, 710.51, 2158.78]",0.39
210,217,backpack,"[1250.43, 1778.82, 1432.57, 2081.64]",0.51
210,184,backpack,"[1213.96, 1781.21, 1327.75, 2031.41]",0.3
210,218,backpack,"[1525.86, 1766.16, 1688.09, 2028.87]",0.32
210,201,person,"[1157.26, 1708.55, 1229.14, 1952.34]",0.32
211,1,person,"[364.63, 1648.75, 640.08, 2461.42]",0.76
211,2,person,"[1490.66, 1604.62, 1743.89, 2421.38]",0.86
211,3,person,"[20.58, 1603.52, 385.49, 2592.69]",0.84
211,6,person,"[1253.16, 1676.23, 1448.88, 2423.3]",0.75
211,7,person,"[903.16, 1685.3, 1128.87, 2431.39]",0.83
211,110,person,"[1219.52, 1673.66, 1338.7, 2036.96]",0.42
211,146,person,"[788.24, 1670.97, 928.14, 2102.68]",0.75
211,186,person,"[1896.45, 1674.66, 2160.0, 2850.44]",0.48
211,191,person,"[544.39, 1667.37, 707.14, 2157.51]",0.48
211,217,backpack,"[1238.18, 1776.71, 1429.5, 2092.51]",0.54
211,184,backpack,"[1215.71, 1780.43, 1329.05, 2034.53]",0.28
211,218,backpack,"[1519.67, 1761.94, 1685.05, 2031.09]",0.26
211,201,person,"[1156.19, 1709.33, 1228.69, 1954.13]",0.36
212,1,person,"[361.12, 1649.29, 637.28, 2464.58]",0.77
212,2,person,"[1491.24, 1604.8, 1746.58, 2422.85]",0.86
212,3,person,"[20.8, 1598.83, 384.19, 2591.97]",0.85
212,6,person,"[1250.29, 1676.59, 1448.99, 2434.38]",0.74
212,7,person,"[904.21, 1686.87, 1128.5, 2433.52]",0.82
212,110,person,"[1222.36, 1673.1, 1339.52, 2030.78]",0.35
212,146,person,"[783.66, 1666.38, 926.82, 2105.02]",0.75
212,186,person,"[1913.95, 1749.39, 2160.0, 2838.01]",0.38
212,191,person,"[542.89, 1668.4, 708.39, 2162.56]",0.34
212,217,backpack,"[1233.89, 1777.38, 1430.08, 2097.66]",0.52
212,184,backpack,"[1218.76, 1777.49, 1335.64, 2041.57]",0.25
212,218,backpack,"[1523.48, 1771.86, 1680.81, 2029.04]",0.28
212,201,person,"[1156.25, 1708.52, 1229.44, 1954.54]",0.36
213,1,person,"[366.53, 1648.9, 644.31, 2466.08]",0.76
213,2,person,"[1495.79, 1606.01, 1753.01, 2425.24]",0.85
213,3,person,"[20.07, 1590.22, 382.06, 2588.05]",0.85
213,6,person,"[1253.9, 1674.61, 1453.91, 2438.52]",0.76
213,7,person,"[903.77, 1688.08, 1128.4, 2441.02]",0.81
213,110,person,"[1219.57, 1672.78, 1340.84, 2042.81]",0.39
213,146,person,"[781.18, 1667.06, 923.78, 2099.8]",0.74
213,217,backpack,"[1244.97, 1785.87, 1432.8, 2091.89]",0.37
213,184,backpack,"[1218.94, 1782.85, 1333.11, 2042.93]",0.36
213,218,backpack,"[1519.01, 1767.46, 1678.8, 2030.07]",0.32
213,201,person,"[1153.68, 1711.04, 1229.72, 1965.91]",0.33
214,1,person,"[363.13, 1647.65, 644.33, 2468.43]",0.8
214,2,person,"[1497.15, 1610.44, 1757.36, 2433.67]",0.85
214,3,person,"[25.42, 1589.14, 379.35, 2569.38]",0.88
214,6,person,"[1255.09, 1674.77, 1457.21, 2445.58]",0.78
214,7,person,"[903.86, 1688.42, 1130.05, 2451.01]",0.81
214,110,person,"[1221.25, 1673.79, 1341.1, 2038.6]",0.42
214,146,person,"[780.4, 1669.47, 922.92, 2097.72]",0.75
214,217,backpack,"[1245.35, 1787.05, 1429.44, 2082.42]",0.38
214,184,backpack,"[1215.26, 1772.88, 1335.63, 2051.12]",0.32
214,201,person,"[1154.09, 1702.76, 1229.57, 1956.72]",0.36
214,186,person,"[1939.18, 1772.8, 2160.0, 2847.16]",0.51
214,191,person,"[534.4, 1664.09, 707.79, 2180.2]",0.26
215,1,person,"[362.57, 1647.79, 643.36, 2457.91]",0.79
215,2,person,"[1503.53, 1612.56, 1768.78, 2443.22]",0.85
215,3,person,"[32.07, 1586.89, 375.66, 2542.18]",0.87
215,6,person,"[1259.28, 1675.61, 1463.71, 2456.98]",0.79
215,7,person,"[905.25, 1690.98, 1130.53, 2453.16]",0.81
215,110,person,"[1222.4, 1675.22, 1342.93, 2041.95]",0.56
215,146,person,"[779.2, 1672.76, 923.45, 2103.69]",0.73
215,217,backpack,"[1254.45, 1796.68, 1433.42, 2076.82]",0.42
215,201,person,"[1155.49, 1706.84, 1233.18, 1968.7]",0.35
215,239,handbag,"[576.03, 2105.99, 702.63, 2328.13]",0.44
215,191,person,"[532.64, 1662.91, 704.73, 2171.08]",0.25
215,218,backpack,"[1505.16, 1757.28, 1679.49, 2042.77]",0.32
216,1,person,"[365.41, 1648.15, 644.97, 2448.5]",0.78
216,2,person,"[1509.38, 1615.37, 1780.86, 2456.95]",0.84
216,3,person,"[42.18, 1585.64, 378.13, 2520.57]",0.86
216,6,person,"[1264.94, 1677.3, 1470.05, 2464.63]",0.79
216,7,person,"[905.44, 1691.47, 1130.32, 2456.67]",0.81
216,110,person,"[1217.51, 1674.13, 1343.62, 2058.66]",0.54
216,146,person,"[776.99, 1675.95, 924.63, 2114.28]",0.72
216,201,person,"[1153.32, 1709.81, 1231.67, 1974.35]",0.25
216,239,handbag,"[572.89, 2103.94, 698.85, 2324.6]",0.42
216,191,person,"[532.15, 1665.62, 704.51, 2171.31]",0.3
216,218,backpack,"[1503.02, 1758.78, 1677.25, 2042.91]",0.46
217,1,person,"[367.36, 1647.22, 648.4, 2446.98]",0.81
217,2,person,"[1516.76, 1617.62, 1792.43, 2464.58]",0.83
217,3,person,"[44.3, 1585.86, 377.27, 2514.57]",0.88
217,6,person,"[1270.31, 1676.01, 1476.86, 2474.19]",0.78
217,7,person,"[908.8, 1691.08, 1133.02, 2456.0]",0.82
217,110,person,"[1216.25, 1673.2, 1344.47, 2065.32]",0.63
217,146,person,"[777.23, 1679.0, 922.25, 2106.54]",0.72
217,239,handbag,"[571.24, 2106.45, 693.04, 2319.08]",0.34
217,191,person,"[533.28, 1665.15, 701.92, 2154.55]",0.25
217,218,backpack,"[1500.81, 1755.31, 1680.05, 2047.76]",0.4
217,242,person,"[0.0, 1654.29, 111.61, 2369.0]",0.42
218,1,person,"[368.31, 1647.26, 649.96, 2444.54]",0.82
218,2,person,"[1532.16, 1618.47, 1815.71, 2471.69]",0.84
218,3,person,"[42.96, 1586.1, 376.4, 2517.1]",0.9
218,6,person,"[1275.96, 1675.41, 1483.57, 2483.14]",0.78
218,7,person,"[907.86, 1688.77, 1132.92, 2462.05]",0.8
218,110,person,"[1213.62, 1672.43, 1343.48, 2071.82]",0.62
218,146,person,"[773.69, 1681.19, 917.51, 2102.51]",0.71
218,239,handbag,"[577.21, 2105.28, 694.54, 2309.61]",0.27
218,191,person,"[532.39, 1668.4, 699.21, 2149.63]",0.27
219,1,person,"[370.02, 1647.73, 650.34, 2435.69]",0.83
219,2,person,"[1543.19, 1620.52, 1831.67, 2470.21]",0.84
219,3,person,"[40.61, 1586.75, 376.28, 2524.62]",0.91
219,6,person,"[1281.41, 1674.07, 1490.96, 2490.42]",0.78
219,7,person,"[908.27, 1691.16, 1130.37, 2458.34]",0.81
219,110,person,"[1210.99, 1671.82, 1341.63, 2076.08]",0.6
219,146,person,"[773.12, 1686.56, 917.82, 2106.04]",0.71
219,191,person,"[534.36, 1666.78, 688.85, 2106.07]",0.29
219,244,person,"[2077.96, 1726.77, 2158.8, 2214.88]",0.38
219,201,person,"[1144.07, 1714.52, 1217.37, 1961.77]",0.33
220,1,person,"[369.56, 1649.21, 653.34, 2442.62]",0.81
220,2,person,"[1547.59, 1621.92, 1844.51, 2483.05]",0.84
220,3,person,"[41.8, 1591.81, 379.0, 2530.67]",0.89
220,6,person,"[1283.02, 1675.84, 1493.8, 2497.29]",0.8
220,7,person,"[908.66, 1691.67, 1131.32, 2466.73]",0.81
220,110,person,"[1209.52, 1671.63, 1340.53, 2078.4]",0.59
220,146,person,"[771.23, 1690.05, 918.64, 2113.52]",0.74
220,191,person,"[540.7, 1670.79, 693.52, 2098.17]",0.35
220,201,person,"[1144.7, 1709.32, 1219.32, 1959.32]",0.3
220,218,backpack,"[1507.99, 1766.61, 1683.94, 2058.56]",0.35
221,1,person,"[368.1, 1652.42, 658.3, 2461.69]",0.81
221,2,person,"[1540.52, 1623.82, 1838.71, 2488.6]",0.81
221,3,person,"[37.46, 1595.16, 377.2, 2536.2]",0.88
221,6,person,"[1286.53, 1674.12, 1499.81, 2507.23]",0.81
221,7,person,"[907.54, 1691.38, 1130.08, 2470.92]",0.79
221,110,person,"[1208.72, 1670.69, 1341.51, 2083.56]",0.59
221,146,person,"[771.21, 1694.05, 917.69, 2112.27]",0.75
221,191,person,"[539.63, 1669.82, 701.22, 2117.45]",0.31
221,201,person,"[1144.03, 1705.35, 1219.68, 1957.56]",0.26
221,218,backpack,"[1510.17, 1765.91, 1689.47, 2070.02]",0.26
221,244,person,"[2068.55, 1750.09, 2160.0, 2318.76]",0.36
222,1,person,"[366.8, 1655.35, 657.91, 2467.68]",0.77
222,2,person,"[1537.61, 1620.61, 1833.72, 2481.41]",0.83
222,3,person,"[32.65, 1600.74, 374.34, 2544.37]",0.88
222,6,person,"[1288.46, 1672.0, 1504.75, 2517.16]",0.8
222,7,person,"[904.03, 1693.44, 1127.57, 2484.2]",0.78
222,110,person,"[1206.48, 1669.41, 1341.06, 2088.65]",0.59
222,146,person,"[771.33, 1696.22, 916.53, 2109.62]",0.74
222,191,person,"[535.35, 1673.02, 711.51, 2163.21]",0.28
222,201,person,"[1137.42, 1701.92, 1215.23, 1959.3]",0.29
222,218,backpack,"[1514.87, 1777.11, 1681.03, 2062.7]",0.31
222,244,person,"[2061.81, 1726.34, 2160.0, 2323.31]",0.49
223,1,person,"[367.44, 1657.24, 653.56, 2454.02]",0.79
223,2,person,"[1545.85, 1618.99, 1840.44, 2473.16]",0.83
223,3,person,"[32.43, 1604.26, 378.57, 2553.4]",0.88
223,6,person,"[1290.0, 1670.32, 1509.02, 2526.08]",0.81
223,7,person,"[895.46, 1694.94, 1119.94, 2498.7]",0.76
223,110,person,"[1204.63, 1668.89, 1340.61, 2093.94]",0.57
223,146,person,"[769.74, 1696.21, 914.67, 2108.62]",0.73
223,191,person,"[538.19, 1677.46, 709.81, 2154.74]",0.26
223,201,person,"[1136.14, 1699.67, 1215.75, 1960.06]",0.33
223,218,backpack,"[1518.26, 1766.95, 1682.97, 2055.4]",0.33
223,244,person,"[2053.29, 1705.06, 2153.98, 2311.19]",0.53
224,1,person,"[370.45, 1658.26, 648.67, 2427.94]",0.83
224,2,person,"[1553.71, 1614.6, 1855.61, 2484.59]",0.79
224,3,person,"[34.94, 1608.89, 384.62, 2562.06]",0.88
224,6,person,"[1292.43, 1669.16, 1513.55, 2531.67]",0.81
224,7,person,"[891.82, 1690.96, 1116.74, 2507.38]",0.74
224,110,person,"[1204.42, 1669.16, 1341.0, 2098.1]",0.58
224,146,person,"[766.95, 1693.46, 913.02, 2109.04]",0.72
224,191,person,"[540.79, 1677.49, 709.37, 2144.76]",0.31
224,201,person,"[1137.19, 1699.4, 1217.35, 1959.05]",0.35
224,218,backpack,"[1524.04, 1770.57, 1678.15, 2043.61]",0.31
224,244,person,"[2047.79, 1725.24, 2146.11, 2306.58]",0.54
225,1,person,"[373.76, 1659.81, 650.44, 2421.39]",0.81
225,2,person,"[1559.98, 1611.2, 1867.99, 2491.18]",0.79
225,3,person,"[46.68, 1611.6, 397.41, 2566.84]",0.87
225,6,person,"[1298.59, 1667.09, 1521.61, 2533.57]",0.8
225,7,person,"[891.43, 1688.61, 1114.33, 2509.84]",0.72
225,110,person,"[1204.43, 1669.53, 1340.53, 2098.19]",0.68
225,146,person,"[763.87, 1689.47, 910.88, 2107.58]",0.76
225,191,person,"[537.28, 1676.36, 711.31, 2160.97]",0.33
225,201,person,"[1138.33, 1697.08, 1219.71, 1958.22]",0.38
225,244,person,"[2043.89, 1722.29, 2144.46, 2306.16]",0.58
225,247,person,"[545.6, 1682.63, 707.49, 2015.22]",0.31
226,1,person,"[375.47, 1660.33, 652.71, 2420.13]",0.82
226,2,person,"[1563.42, 1607.0, 1873.77, 2487.67]",0.8
226,3,person,"[45.34, 1612.85, 395.63, 2568.07]",0.87
226,6,person,"[1301.82, 1666.51, 1528.02, 2540.15]",0.8
226,7,person,"[888.0, 1684.28, 1109.18, 2515.04]",0.71
226,110,person,"[1204.96, 1669.74, 1340.76, 2096.55]",0.69
226,146,person,"[763.21, 1686.1, 911.62, 2107.45]",0.73
226,191,person,"[530.78, 1674.59, 712.83, 2188.41]",0.25
226,201,person,"[1140.28, 1694.72, 1222.57, 1957.16]",0.3
226,244,person,"[2035.37, 1682.66, 2145.34, 2310.84]",0.62
226,247,person,"[536.17, 1676.59, 716.57, 2047.99]",0.3
227,1,person,"[377.57, 1657.8, 653.2, 2409.6]",0.84
227,2,person,"[1570.08, 1601.13, 1880.75, 2474.21]",0.82
227,3,person,"[43.64, 1613.97, 393.3, 2566.42]",0.88
227,6,person,"[1301.25, 1663.6, 1531.1, 2545.03]",0.78
227,7,person,"[886.25, 1681.27, 1103.83, 2511.62]",0.74
227,110,person,"[1205.7, 1670.24, 1341.86, 2097.0]",0.64
227,146,person,"[760.63, 1682.57, 909.79, 2106.1]",0.75
227,191,person,"[534.93, 1674.35, 715.84, 2186.93]",0.29
227,201,person,"[1141.72, 1697.66, 1222.92, 1955.12]",0.35
227,244,person,"[2031.18, 1656.87, 2147.26, 2310.69]",0.69
227,247,person,"[540.18, 1672.44, 716.58, 2035.69]",0.31
228,1,person,"[378.81, 1655.06, 655.52, 2407.81]",0.85
228,2,person,"[1574.21, 1600.89, 1884.01, 2465.38]",0.84
228,3,person,"[40.93, 1611.55, 390.53, 2564.59]",0.89
228,6,person,"[1304.48, 1662.52, 1536.71, 2548.05]",0.8
228,7,person,"[887.3, 1677.37, 1103.63, 2513.37]",0.74
228,110,person,"[1205.28, 1670.2, 1341.95, 2097.44]",0.66
228,146,person,"[759.38, 1681.48, 907.38, 2100.79]",0.79
228,191,person,"[532.12, 1671.99, 712.69, 2189.77]",0.31
228,201,person,"[1143.44, 1699.95, 1223.69, 1953.43]",0.37
228,244,person,"[2032.7, 1647.87, 2151.42, 2311.43]",0.69
228,247,person,"[544.97, 1675.99, 711.76, 2019.68]",0.36
229,1,person,"[377.37, 1652.72, 655.81, 2407.68]",0.82
229,2,person,"[1576.43, 1600.21, 1885.18, 2458.44]",0.82
229,3,person,"[43.46, 1608.15, 391.58, 2559.67]",0.88
229,6,person,"[1313.37, 1663.0, 1545.27, 2543.85]",0.84
229,7,person,"[887.37, 1676.97, 1102.79, 2517.26]",0.77
229,110,person,"[1204.51, 1669.93, 1342.38, 2098.31]",0.63
229,146,person,"[759.37, 1681.0, 906.34, 2097.47]",0.77
229,191,person,"[536.21, 1671.43, 718.46, 2197.87]",0.35
229,201,person,"[1145.32, 1702.53, 1224.74, 1953.15]",0.33
229,244,person,"[2035.29, 1640.51, 2155.34, 2309.48]",0.7
229,247,person,"[548.02, 1676.06, 712.18, 2014.44]",0.27
229,249,person,"[2066.31, 1688.01, 2158.95, 2277.87]",0.44
230,1,person,"[376.22, 1651.96, 658.54, 2417.77]",0.81
230,2,person,"[1573.95, 1597.61, 1888.64, 2473.5]",0.83
230,3,person,"[45.6, 1605.44, 393.46, 2557.24]",0.88
230,6,person,"[1318.72, 1664.85, 1554.08, 2556.1]",0.86
230,7,person,"[884.7, 1676.79, 1101.96, 2531.08]",0.8
230,110,person,"[1204.81, 1671.09, 1344.31, 2102.71]",0.61
230,146,person,"[758.56, 1680.55, 904.8, 2094.83]",0.77
230,191,person,"[542.48, 1669.82, 719.51, 2184.09]",0.39
230,201,person,"[1145.69, 1704.44, 1225.27, 1955.64]",0.3
230,244,person,"[2038.88, 1636.97, 2159.51, 2311.18]",0.7
230,247,person,"[553.71, 1669.94, 716.62, 2005.8]",0.29
231,1,person,"[375.42, 1648.38, 661.17, 2424.59]",0.82
231,2,person,"[1575.93, 1598.3, 1892.94, 2482.22]",0.82
231,3,person,"[49.93, 1600.46, 391.41, 2536.92]",0.9
231,6,person,"[1321.03, 1667.21, 1562.98, 2579.58]",0.87
231,7,person,"[882.16, 1675.86, 1106.54, 2561.86]",0.8
231,110,person,"[1205.18, 1672.3, 1344.11, 2101.49]",0.65
231,146,person,"[755.66, 1680.34, 902.17, 2098.5]",0.77
231,191,person,"[550.09, 1669.73, 717.66, 2156.94]",0.37
231,201,person,"[1144.82, 1701.48, 1226.06, 1956.94]",0.3
231,244,person,"[2042.62, 1634.87, 2160.0, 2314.49]",0.67
231,247,person,"[553.27, 1670.2, 716.73, 2008.2]",0.34
232,1,person,"[376.9, 1650.06, 660.34, 2420.33]",0.83
232,2,person,"[1576.63, 1597.04, 1894.63, 2490.95]",0.84
232,3,person,"[51.09, 1597.58, 387.03, 2522.21]",0.9
232,6,person,"[1327.0, 1671.17, 1570.56, 2586.95]",0.87
232,7,person,"[878.53, 1675.71, 1105.54, 2577.26]",0.81
232,110,person,"[1204.73, 1673.53, 1344.13, 2103.29]",0.69
232,146,person,"[755.47, 1681.56, 900.37, 2097.07]",0.78
232,191,person,"[546.46, 1670.28, 718.68, 2175.6]",0.44
232,201,person,"[1143.92, 1701.47, 1226.07, 1958.36]",0.3
232,244,person,"[2042.74, 1632.85, 2160.0, 2318.66]",0.68
232,247,person,"[558.91, 1668.96, 713.63, 1988.09]",0.3
233,1,person,"[375.97, 1651.35, 657.16, 2415.18]",0.85
233,2,person,"[1581.56, 1596.16, 1898.95, 2499.34]",0.85
233,3,person,"[53.83, 1595.07, 383.1, 2500.27]",0.89
233,6,person,"[1329.9, 1673.17, 1575.93, 2595.75]",0.87
233,7,person,"[874.39, 1677.49, 1102.68, 2582.74]",0.82
233,110,person,"[1204.37, 1674.41, 1343.32, 2101.01]",0.71
233,146,person,"[754.53, 1682.4, 898.31, 2098.37]",0.81
233,191,person,"[547.7, 1671.72, 721.19, 2186.58]",0.38
233,244,person,"[2040.03, 1629.47, 2160.0, 2323.17]",0.71
233,247,person,"[560.71, 1670.57, 709.97, 1977.89]",0.29
234,1,person,"[374.35, 1651.84, 654.84, 2411.88]",0.84
234,2,person,"[1592.88, 1595.25, 1910.09, 2507.66]",0.83
234,3,person,"[56.1, 1592.43, 380.78, 2486.62]",0.88
234,6,person,"[1341.58, 1674.6, 1588.21, 2600.83]",0.86
234,7,person,"[870.73, 1683.38, 1101.3, 2589.45]",0.85
234,110,person,"[1207.32, 1675.54, 1345.21, 2099.15]",0.69
234,146,person,"[752.21, 1683.36, 894.31, 2098.32]",0.8
234,191,person,"[547.42, 1672.29, 719.81, 2187.39]",0.38
234,244,person,"[2033.95, 1627.21, 2158.4, 2330.46]",0.72
234,247,person,"[559.55, 1671.23, 709.13, 1978.76]",0.27
234,253,person,"[281.2, 1662.6, 404.83, 2043.85]",0.42
234,255,backpack,"[1594.09, 1743.22, 1740.83, 2042.21]",0.48
234,256,person,"[1336.07, 1703.01, 1425.07, 1955.4]",0.39
235,1,person,"[372.4, 1651.63, 654.38, 2415.22]",0.84
235,2,person,"[1596.53, 1596.41, 1911.76, 2512.91]",0.85
235,3,person,"[56.49, 1590.1, 380.52, 2482.88]",0.88
235,6,person,"[1351.8, 1677.31, 1599.74, 2608.07]",0.83
235,7,person,"[863.86, 1685.8, 1099.14, 2602.82]",0.84
235,110,person,"[1210.37, 1678.09, 1348.97, 2103.27]",0.75
235,146,person,"[749.43, 1682.17, 893.22, 2105.5]",0.76
235,191,person,"[546.5, 1672.66, 720.5, 2197.73]",0.38
235,244,person,"[2026.46, 1621.79, 2154.32, 2339.82]",0.69
235,253,person,"[282.52, 1663.1, 403.66, 2037.03]",0.38
235,255,backpack,"[1601.87, 1745.7, 1749.68, 2046.5]",0.32
235,256,person,"[1331.35, 1702.76, 1432.43, 1989.75]",0.34
236,1,person,"[367.62, 1649.57, 653.7, 2422.94]",0.84
236,2,person,"[1603.51, 1597.51, 1917.54, 2518.34]",0.84
236,3,person,"[55.1, 1589.72, 381.22, 2488.56]",0.87
236,6,person,"[1358.68, 1679.67, 1609.59, 2620.69]",0.84
236,7,person,"[859.01, 1687.88, 1102.87, 2624.93]",0.84
236,110,person,"[1209.88, 1678.99, 1350.3, 2109.92]",0.73
236,146,person,"[744.92, 1683.19, 895.25, 2131.08]",0.71
236,191,person,"[544.33, 1673.28, 721.56, 2213.96]",0.36
236,244,person,"[2021.09, 1621.41, 2150.76, 2341.43]",0.7
236,253,person,"[279.44, 1664.47, 399.64, 2035.37]",0.34
236,255,backpack,"[1604.89, 1745.41, 1754.77, 2050.38]",0.44
236,256,person,"[1330.87, 1702.61, 1438.42, 2008.17]",0.29
237,1,person,"[364.98, 1648.07, 653.81, 2426.21]",0.84
237,2,person,"[1612.6, 1598.95, 1926.48, 2521.81]",0.84
237,3,person,"[55.0, 1590.91, 383.51, 2494.18]",0.86
237,6,person,"[1367.39, 1679.63, 1622.23, 2633.35]",0.85
237,7,person,"[854.48, 1693.72, 1106.62, 2636.08]",0.83
237,110,person,"[1210.27, 1679.38, 1349.31, 2105.36]",0.73
237,146,person,"[744.07, 1680.78, 889.85, 2116.47]",0.62
237,191,person,"[538.01, 1674.05, 723.16, 2247.81]",0.33
237,244,person,"[2017.24, 1624.2, 2148.28, 2339.1]",0.76
237,255,backpack,"[1614.74, 1739.18, 1771.84, 2057.53]",0.41
237,256,person,"[1330.64, 1706.13, 1442.69, 2025.77]",0.32
238,1,person,"[363.8, 1648.99, 654.25, 2431.82]",0.84
238,2,person,"[1622.82, 1601.89, 1934.5, 2520.23]",0.86
238,3,person,"[58.01, 1595.69, 387.88, 2498.82]",0.85
238,6,person,"[1373.98, 1680.5, 1632.29, 2647.4]",0.84
238,7,person,"[840.46, 1702.66, 1100.9, 2654.16]",0.86
238,110,person,"[1210.52, 1678.84, 1348.14, 2101.5]",0.68
238,146,person,"[743.6, 1684.24, 888.46, 2120.77]",0.57
238,244,person,"[2012.87, 1624.53, 2146.13, 2334.82]",0.8
238,255,backpack,"[1619.46, 1750.57, 1773.54, 2062.47]",0.4
238,256,person,"[1330.26, 1699.75, 1446.79, 2033.88]",0.36
239,1,person,"[366.55, 1651.74, 660.67, 2448.7]",0.85
239,2,person,"[1630.28, 1600.32, 1942.72, 2520.75]",0.84
239,3,person,"[59.83, 1598.6, 393.57, 2506.92]",0.85
239,6,person,"[1379.89, 1677.64, 1642.39, 2656.04]",0.84
239,7,person,"[833.73, 1704.3, 1103.84, 2666.03]",0.85
239,110,person,"[1207.99, 1677.58, 1345.08, 2099.83]",0.69
239,146,person,"[733.09, 1686.43, 895.71, 2188.56]",0.52
239,244,person,"[2005.61, 1624.4, 2142.12, 2329.75]",0.77
239,255,backpack,"[1627.61, 1743.25, 1787.31, 2065.64]",0.32
239,256,person,"[1330.49, 1698.42, 1448.07, 2036.84]",0.43
239,265,skateboard,"[1885.8, 2233.25, 2160.0, 2462.07]",0.41
240,1,person,"[368.09, 1653.59, 664.38, 2462.07]",0.86
240,2,person,"[1637.94, 1600.84, 1950.2, 2520.59]",0.83
240,3,person,"[59.78, 1603.78, 394.24, 2512.21]",0.85
240,6,person,"[1389.61, 1677.25, 1655.21, 2665.27]",0.84
240,7,person,"[823.6, 1700.22, 1105.16, 2682.82]",0.85
240,110,person,"[1206.31, 1671.92, 1341.08, 2086.85]",0.67
240,146,person,"[741.5, 1687.24, 884.5, 2127.58]",0.46
240,244,person,"[1991.07, 1619.22, 2133.31, 2319.99]",0.73
240,255,backpack,"[1638.9, 1745.39, 1798.6, 2066.48]",0.36
240,256,person,"[1334.46, 1701.98, 1444.11, 2017.72]",0.48
241,1,person,"[370.55, 1654.25, 662.1, 2452.79]",0.85
241,2,person,"[1644.85, 1599.21, 1958.85, 2527.13]",0.8
241,3,person,"[60.07, 1608.06, 395.29, 2519.11]",0.86
241,6,person,"[1396.88, 1677.06, 1669.24, 2687.15]",0.83
241,7,person,"[815.46, 1694.07, 1109.51, 2697.72]",0.85
241,110,person,"[1208.5, 1671.75, 1335.7, 2060.39]",0.7
241,146,person,"[726.99, 1685.47, 898.5, 2230.11]",0.31
241,244,person,"[1972.9, 1622.84, 2121.67, 2309.13]",0.75
241,255,backpack,"[1651.84, 1748.82, 1814.17, 2072.12]",0.29
241,256,person,"[1330.97, 1702.65, 1445.49, 2034.38]",0.59
242,1,person,"[371.8, 1652.88, 662.86, 2454.27]",0.86
242,2,person,"[1654.92, 1601.03, 1968.81, 2527.68]",0.78
242,3,person,"[61.07, 1609.23, 395.59, 2521.75]",0.86
242,6,person,"[1402.81, 1675.44, 1678.7, 2696.18]",0.83
242,7,person,"[802.07, 1686.87, 1108.7, 2714.79]",0.85
242,110,person,"[1207.94, 1669.49, 1332.22, 2045.85]",0.71
242,244,person,"[1962.44, 1621.67, 2119.94, 2309.17]",0.77
242,255,backpack,"[1660.21, 1754.65, 1822.34, 2075.9]",0.5
242,256,person,"[1328.83, 1704.3, 1445.29, 2043.44]",0.64
242,270,backpack,"[1386.05, 1802.03, 1657.4, 2191.13]",0.52
243,1,person,"[374.6, 1650.76, 661.26, 2444.42]",0.85
243,2,person,"[1659.36, 1598.22, 1974.56, 2528.12]",0.75
243,3,person,"[58.0, 1608.02, 390.91, 2519.07]",0.86
243,6,person,"[1411.13, 1672.48, 1689.9, 2703.71]",0.83
243,7,person,"[788.47, 1682.25, 1106.62, 2732.15]",0.87
243,110,person,"[1205.43, 1667.74, 1332.48, 2051.65]",0.71
243,244,person,"[1958.56, 1621.87, 2121.77, 2300.58]",0.81
243,255,backpack,"[1670.15, 1744.94, 1840.25, 2079.76]",0.51
243,256,person,"[1329.8, 1702.62, 1445.26, 2038.81]",0.66
243,270,backpack,"[1397.91, 1796.81, 1680.14, 2201.56]",0.44
243,271,clock,"[1057.14, 510.0, 1302.83, 766.64]",0.44
243,272,person,"[747.75, 1686.53, 873.78, 1898.43]",0.47
244,1,person,"[373.09, 1647.87, 656.64, 2435.77]",0.87
244,2,person,"[1665.12, 1601.84, 1982.73, 2539.75]",0.78
244,3,person,"[58.74, 1603.12, 389.65, 2514.92]",0.83
244,6,person,"[1413.68, 1672.8, 1697.37, 2720.49]",0.86
244,7,person,"[773.38, 1677.11, 1104.59, 2758.69]",0.87
244,110,person,"[1203.37, 1673.31, 1332.83, 2064.39]",0.74
244,244,person,"[1955.43, 1623.47, 2124.94, 2299.73]",0.77
244,255,backpack,"[1673.41, 1750.6, 1841.53, 2079.44]",0.52
244,256,person,"[1327.49, 1701.79, 1444.36, 2043.93]",0.71
244,271,clock,"[1057.3, 506.27, 1302.95, 762.76]",0.42
244,272,person,"[745.65, 1688.7, 870.53, 1898.6]",0.48
245,1,person,"[367.62, 1643.63, 653.01, 2438.72]",0.86
245,2,person,"[1665.71, 1601.67, 1987.05, 2553.71]",0.78
245,3,person,"[62.42, 1601.21, 389.19, 2510.5]",0.82
245,6,person,"[1422.67, 1666.73, 1712.23, 2733.98]",0.81
245,7,person,"[757.55, 1670.85, 1106.15, 2803.3]",0.86
245,110,person,"[1202.05, 1675.74, 1333.77, 2073.82]",0.75
245,244,person,"[1954.77, 1628.12, 2127.97, 2293.79]",0.7
245,255,backpack,"[1684.38, 1746.84, 1855.15, 2079.26]",0.56
245,256,person,"[1326.3, 1701.51, 1442.61, 2043.41]",0.69
245,272,person,"[741.99, 1687.83, 862.61, 1890.85]",0.43
245,242,person,"[21.93, 1679.55, 126.77, 2262.31]",0.45
245,270,backpack,"[1433.06, 1829.24, 1696.37, 2205.36]",0.37
246,1,person,"[364.34, 1642.88, 651.58, 2443.84]",0.85
246,2,person,"[1675.38, 1598.28, 2001.4, 2570.39]",0.77
246,3,person,"[65.16, 1601.09, 387.04, 2508.52]",0.83
246,6,person,"[1430.49, 1661.31, 1724.15, 2740.39]",0.81
246,7,person,"[742.35, 1664.54, 1109.24, 2853.62]",0.87
246,110,person,"[1199.95, 1675.04, 1334.3, 2081.79]",0.75
246,244,person,"[1959.21, 1630.69, 2132.64, 2277.1]",0.73
246,255,backpack,"[1692.45, 1746.58, 1864.4, 2079.09]",0.56
246,256,person,"[1328.28, 1700.19, 1442.62, 2036.07]",0.66
246,242,person,"[12.14, 1707.07, 113.85, 2251.26]",0.59
246,270,backpack,"[1440.3, 1829.62, 1705.74, 2208.11]",0.31
247,1,person,"[361.0, 1641.85, 649.36, 2442.63]",0.83
247,2,person,"[1684.11, 1596.24, 2012.0, 2576.31]",0.81
247,3,person,"[66.2, 1601.15, 382.21, 2502.91]",0.85
247,6,person,"[1437.74, 1656.43, 1735.26, 2747.47]",0.8
247,7,person,"[731.2, 1665.82, 1113.74, 2904.11]",0.87
247,110,person,"[1198.24, 1673.58, 1333.26, 2082.22]",0.74
247,244,person,"[1978.15, 1633.26, 2146.56, 2256.56]",0.75
247,255,backpack,"[1699.29, 1750.39, 1871.86, 2082.02]",0.54
247,256,person,"[1328.53, 1699.15, 1442.55, 2033.68]",0.66
247,242,person,"[7.75, 1708.59, 113.68, 2261.89]",0.61
247,270,backpack,"[1455.66, 1830.25, 1718.33, 2201.82]",0.4
247,271,clock,"[1056.11, 487.06, 1303.05, 744.43]",0.36
248,1,person,"[355.76, 1642.62, 647.82, 2448.95]",0.82
248,2,person,"[1685.04, 1591.37, 2016.5, 2582.83]",0.84
248,3,person,"[62.86, 1599.72, 372.64, 2492.0]",0.85
248,6,person,"[1445.79, 1662.39, 1742.8, 2748.47]",0.83
248,7,person,"[720.85, 1664.55, 1119.77, 2953.55]",0.88
248,110,person,"[1195.27, 1671.41, 1332.6, 2086.16]",0.7
248,244,person,"[1983.94, 1633.22, 2152.14, 2251.84]",0.73
248,255,backpack,"[1704.19, 1748.86, 1880.11, 2083.97]",0.49
248,256,person,"[1330.08, 1700.9, 1441.21, 2024.88]",0.67
248,242,person,"[0.59, 1700.58, 106.05, 2256.42]",0.58
249,1,person,"[354.63, 1642.44, 644.38, 2435.27]",0.84
249,2,person,"[1693.03, 1592.21, 2024.8, 2584.65]",0.85
249,3,person,"[60.46, 1594.98, 362.43, 2471.28]",0.87
249,6,person,"[1456.28, 1663.79, 1752.18, 2744.04]",0.8
249,7,person,"[709.78, 1667.7, 1126.65, 3011.13]",0.88
249,110,person,"[1192.4, 1672.02, 1328.78, 2080.98]",0.71
249,244,person,"[1983.83, 1629.64, 2153.89, 2250.92]",0.77
249,255,backpack,"[1712.03, 1746.21, 1893.94, 2090.25]",0.38
249,256,person,"[1331.61, 1702.86, 1441.8, 2023.14]",0.68
249,242,person,"[0.0, 1701.06, 101.25, 2257.27]",0.4
250,1,person,"[348.35, 1645.29, 638.0, 2431.79]",0.82
250,2,person,"[1700.01, 1596.77, 2030.92, 2585.73]",0.86
250,3,person,"[56.24, 1590.23, 352.35, 2454.93]",0.88
250,6,person,"[1464.0, 1662.01, 1763.82, 2757.62]",0.77
250,7,person,"[703.63, 1673.19, 1131.53, 3041.55]",0.88
250,110,person,"[1189.9, 1673.14, 1326.54, 2079.37]",0.73
250,244,person,"[1981.68, 1628.71, 2156.13, 2263.84]",0.72
250,255,backpack,"[1719.86, 1740.93, 1910.77, 2097.07]",0.35
250,256,person,"[1332.41, 1704.58, 1441.68, 2021.39]",0.7
250,271,clock,"[1046.19, 462.43, 1305.34, 732.57]",0.49
251,1,person,"[340.92, 1652.44, 628.56, 2427.51]",0.85
251,2,person,"[1705.71, 1599.68, 2036.32, 2585.27]",0.85
251,3,person,"[50.48, 1589.14, 344.3, 2450.91]",0.89
251,6,person,"[1475.18, 1655.5, 1777.76, 2758.74]",0.75
251,7,person,"[696.05, 1671.07, 1138.13, 3067.81]",0.88
251,110,person,"[1186.98, 1676.17, 1324.72, 2078.96]",0.75
251,244,person,"[1973.47, 1625.2, 2159.84, 2304.97]",0.67
251,255,backpack,"[1729.53, 1742.5, 1926.35, 2104.78]",0.32
251,256,person,"[1332.35, 1705.66, 1440.88, 2019.0]",0.71
251,271,clock,"[1045.08, 458.32, 1303.97, 727.58]",0.35
252,1,person,"[327.54, 1652.84, 622.96, 2448.21]",0.83
252,2,person,"[1713.47, 1599.32, 2044.15, 2583.9]",0.86
252,3,person,"[44.84, 1589.39, 339.3, 2456.63]",0.9
252,6,person,"[1484.11, 1657.28, 1778.28, 2718.51]",0.74
252,7,person,"[686.29, 1672.82, 1151.34, 3121.81]",0.9
252,110,person,"[1183.81, 1678.24, 1323.79, 2080.65]",0.78
252,244,person,"[1971.9, 1623.73, 2160.0, 2320.19]",0.65
252,255,backpack,"[1743.46, 1750.48, 1940.66, 2110.06]",0.29
252,256,person,"[1330.19, 1706.65, 1438.68, 2017.65]",0.7
253,1,person,"[321.06, 1656.74, 616.39, 2451.23]",0.82
253,2,person,"[1725.24, 1598.35, 2056.85, 2582.69]",0.79
253,3,person,"[38.86, 1591.12, 334.07, 2461.55]",0.88
253,6,person,"[1488.78, 1660.36, 1786.39, 2723.9]",0.76
253,7,person,"[669.79, 1681.41, 1157.76, 3177.98]",0.92
253,110,person,"[1178.0, 1677.51, 1319.32, 2080.09]",0.72
253,244,person,"[1971.94, 1622.67, 2160.0, 2316.57]",0.56
253,255,backpack,"[1755.43, 1754.13, 1955.86, 2115.6]",0.34
253,256,person,"[1330.1, 1707.67, 1438.84, 2017.45]",0.69
253,271,clock,"[1045.19, 452.33, 1303.7, 720.35]",0.65
254,1,person,"[308.48, 1659.97, 605.16, 2461.93]",0.83
254,2,person,"[1737.0, 1598.44, 2073.83, 2596.27]",0.83
254,3,person,"[33.97, 1590.77, 329.64, 2462.34]",0.85
254,6,person,"[1489.69, 1661.41, 1798.17, 2760.25]",0.81
254,7,person,"[658.13, 1683.26, 1171.64, 3233.39]",0.92
254,110,person,"[1172.7, 1678.59, 1315.5, 2081.89]",0.69
254,244,person,"[1967.48, 1622.71, 2152.3, 2305.53]",0.47
254,255,backpack,"[1763.52, 1759.39, 1967.15, 2121.57]",0.29
254,256,person,"[1330.73, 1707.95, 1439.8, 2018.67]",0.66
254,271,clock,"[1042.17, 450.05, 1300.43, 716.85]",0.39
255,1,person,"[298.88, 1658.31, 594.98, 2464.02]",0.85
255,2,person,"[1748.85, 1598.85, 2085.73, 2596.05]",0.82
255,3,person,"[20.0, 1591.51, 320.74, 2474.84]",0.84
255,6,person,"[1495.8, 1664.05, 1807.82, 2770.9]",0.84
255,7,person,"[642.15, 1682.44, 1179.95, 3274.65]",0.91
255,110,person,"[1166.2, 1680.29, 1311.63, 2089.06]",0.67
255,244,person,"[1959.88, 1623.07, 2139.09, 2284.05]",0.29
255,255,backpack,"[1780.35, 1761.07, 1987.06, 2125.45]",0.35
255,256,person,"[1327.95, 1705.6, 1439.85, 2021.67]",0.68
256,1,person,"[292.31, 1658.95, 587.65, 2466.67]",0.87
256,2,person,"[1759.28, 1596.39, 2090.98, 2579.87]",0.82
256,3,person,"[6.48, 1592.68, 313.56, 2493.73]",0.85
256,6,person,"[1502.76, 1660.24, 1817.89, 2768.37]",0.83
256,7,person,"[620.5, 1679.0, 1179.52, 3300.28]",0.91
256,110,person,"[1156.43, 1682.3, 1302.72, 2090.7]",0.69
256,256,person,"[1328.59, 1703.93, 1442.02, 2023.21]",0.68
256,285,backpack,"[1498.3, 1855.37, 1704.41, 2202.0]",0.39
257,1,person,"[285.77, 1657.88, 572.36, 2444.82]",0.86
257,2,person,"[1771.97, 1595.56, 2103.98, 2581.42]",0.83
257,3,person,"[1.18, 1597.88, 309.74, 2504.8]",0.85
257,6,person,"[1511.4, 1660.2, 1831.49, 2774.3]",0.85
257,7,person,"[601.74, 1669.84, 1184.95, 3331.24]",0.9
257,110,person,"[1149.48, 1681.89, 1296.9, 2092.27]",0.71
257,256,person,"[1329.63, 1703.4, 1443.68, 2023.68]",0.63
257,285,backpack,"[1500.21, 1854.15, 1708.61, 2205.04]",0.4
258,1,person,"[275.11, 1656.27, 560.87, 2446.34]",0.85
258,2,person,"[1777.61, 1591.93, 2113.46, 2593.62]",0.85
258,3,person,"[0.11, 1604.78, 308.63, 2513.16]",0.84
258,6,person,"[1527.48, 1661.65, 1851.19, 2773.46]",0.85
258,7,person,"[566.72, 1658.4, 1178.98, 3362.94]",0.9
258,110,person,"[1144.28, 1680.72, 1294.46, 2098.93]",0.68
258,256,person,"[1329.07, 1704.36, 1444.79, 2026.96]",0.64
258,285,backpack,"[1512.85, 1846.98, 1726.9, 2207.35]",0.3
259,1,person,"[263.6, 1653.7, 547.31, 2442.87]",0.85
259,2,person,"[1786.8, 1589.16, 2126.63, 2609.2]",0.84
259,3,person,"[0.0, 1613.91, 303.62, 2514.91]",0.83
259,6,person,"[1543.44, 1661.04, 1871.47, 2770.36]",0.84
259,7,person,"[534.62, 1647.48, 1174.15, 3392.94]",0.91
259,110,person,"[1140.46, 1676.49, 1289.38, 2089.33]",0.75
259,256,person,"[1330.87, 1706.05, 1446.69, 2027.22]",0.58
259,285,backpack,"[1522.05, 1849.92, 1735.69, 2209.42]",0.31
259,291,person,"[1255.42, 1700.21, 1338.1, 2001.04]",0.55
260,1,person,"[252.39, 1654.05, 537.51, 2452.5]",0.85
260,2,person,"[1795.45, 1586.79, 2134.4, 2607.77]",0.87
260,3,person,"[0.0, 1617.37, 298.44, 2514.15]",0.84
260,6,person,"[1551.5, 1655.12, 1886.26, 2773.01]",0.85
260,7,person,"[496.15, 1627.65, 1165.89, 3421.9]",0.91
260,110,person,"[1135.58, 1672.73, 1284.69, 2083.97]",0.75
260,256,person,"[1330.11, 1702.41, 1447.15, 2025.73]",0.61
260,285,backpack,"[1533.93, 1849.03, 1750.51, 2212.96]",0.31
260,291,person,"[1253.62, 1699.46, 1337.45, 2004.59]",0.6
260,255,backpack,"[1848.47, 1769.99, 2050.83, 2124.51]",0.33
261,1,person,"[243.21, 1650.79, 529.6, 2462.45]",0.84
261,2,person,"[1807.83, 1582.38, 2146.51, 2605.01]",0.84
261,3,person,"[0.0, 1620.55, 291.82, 2515.61]",0.85
261,6,person,"[1560.09, 1652.3, 1903.03, 2779.88]",0.84
261,7,person,"[454.91, 1611.93, 1150.73, 3453.41]",0.89
261,110,person,"[1130.75, 1668.75, 1280.69, 2082.08]",0.71
261,256,person,"[1330.2, 1705.14, 1446.38, 2023.93]",0.59
261,285,backpack,"[1554.97, 1847.34, 1775.1, 2214.5]",0.27
261,291,person,"[1252.63, 1698.51, 1336.17, 2002.64]",0.58
261,255,backpack,"[1856.39, 1764.89, 2064.43, 2122.35]",0.28
262,1,person,"[234.59, 1648.17, 519.26, 2466.03]",0.82
262,2,person,"[1820.58, 1577.26, 2155.94, 2589.75]",0.82
262,3,person,"[0.0, 1617.67, 286.57, 2509.15]",0.85
262,6,person,"[1566.13, 1651.89, 1916.85, 2792.74]",0.83
262,7,person,"[412.65, 1604.81, 1123.45, 3473.25]",0.91
262,110,person,"[1126.05, 1666.33, 1277.23, 2083.26]",0.71
262,256,person,"[1329.86, 1705.5, 1445.82, 2021.39]",0.61
262,285,backpack,"[1569.07, 1851.21, 1792.1, 2219.82]",0.35
262,291,person,"[1250.85, 1699.1, 1335.06, 2005.44]",0.63
262,255,backpack,"[1861.18, 1762.29, 2071.9, 2119.37]",0.28
262,292,person,"[734.32, 1692.29, 859.56, 1909.37]",0.46
263,1,person,"[231.52, 1646.52, 515.34, 2466.69]",0.75
263,2,person,"[1826.72, 1573.01, 2156.6, 2574.57]",0.76
263,3,person,"[0.0, 1614.04, 283.34, 2507.0]",0.84
263,6,person,"[1576.41, 1657.43, 1930.43, 2799.3]",0.83
263,7,person,"[355.52, 1604.3, 1080.8, 3518.71]",0.91
263,110,person,"[1121.63, 1668.66, 1273.57, 2088.76]",0.7
263,256,person,"[1329.83, 1703.05, 1445.91, 2017.48]",0.63
263,285,backpack,"[1585.48, 1851.02, 1812.11, 2222.49]",0.34
263,291,person,"[1249.45, 1698.76, 1334.85, 2009.23]",0.68
263,255,backpack,"[1884.48, 1761.19, 2092.82, 2117.82]",0.26
263,292,person,"[717.23, 1685.54, 858.4, 1930.5]",0.48
264,1,person,"[221.44, 1645.93, 499.51, 2460.6]",0.74
264,2,person,"[1840.22, 1568.29, 2160.0, 2558.32]",0.77
264,3,person,"[0.0, 1609.61, 282.32, 2503.63]",0.84
264,6,person,"[1582.88, 1656.49, 1943.69, 2814.0]",0.84
264,7,person,"[295.07, 1600.93, 1043.03, 3608.87]",0.91
264,110,person,"[1120.43, 1667.27, 1271.96, 2087.8]",0.76
264,256,person,"[1329.66, 1699.41, 1446.43, 2014.56]",0.64
264,291,person,"[1247.17, 1696.93, 1333.91, 2012.59]",0.71
264,292,person,"[699.08, 1681.92, 857.07, 1956.22]",0.54
265,1,person,"[215.42, 1635.79, 490.44, 2454.9]",0.68
265,2,person,"[1853.13, 1566.57, 2160.0, 2565.97]",0.82
265,3,person,"[0.0, 1603.66, 284.19, 2500.25]",0.84
265,6,person,"[1598.48, 1657.23, 1964.25, 2824.45]",0.85
265,7,person,"[230.19, 1588.41, 1019.08, 3751.05]",0.9
265,110,person,"[1118.0, 1661.29, 1268.72, 2081.85]",0.72
265,256,person,"[1331.67, 1699.14, 1448.47, 2013.1]",0.62
265,291,person,"[1246.19, 1695.6, 1333.61, 2013.7]",0.71
265,292,person,"[685.41, 1670.42, 861.95, 1979.06]",0.63
265,285,backpack,"[1611.23, 1846.6, 1846.38, 2225.31]",0.29
266,2,person,"[1859.41, 1562.01, 2160.0, 2604.54]",0.81
266,3,person,"[0.0, 1601.61, 283.08, 2480.67]",0.87
266,6,person,"[1609.52, 1661.21, 1980.27, 2835.59]",0.84
266,7,person,"[175.65, 1580.93, 980.87, 3824.59]",0.9
266,110,person,"[1116.52, 1659.13, 1266.29, 2078.86]",0.74
266,256,person,"[1332.59, 1699.86, 1448.97, 2011.4]",0.59
266,291,person,"[1244.66, 1693.44, 1335.48, 2024.84]",0.72
266,292,person,"[675.62, 1665.46, 863.16, 1996.36]",0.69
266,297,bench,"[839.12, 1903.33, 1106.23, 2145.84]",0.4
266,285,backpack,"[1628.62, 1849.22, 1871.52, 2230.99]",0.4
267,2,person,"[1861.75, 1554.7, 2160.0, 2630.83]",0.73
267,3,person,"[0.0, 1599.78, 279.01, 2458.38]",0.85
267,6,person,"[1631.13, 1653.45, 2007.55, 2839.41]",0.84
267,7,person,"[131.59, 1569.03, 939.7, 3840.0]",0.9
267,110,person,"[1113.59, 1657.9, 1264.73, 2081.87]",0.75
267,256,person,"[1331.04, 1695.05, 1449.19, 2011.32]",0.66
267,291,person,"[1244.91, 1692.79, 1334.67, 2020.44]",0.72
267,292,person,"[669.45, 1671.37, 869.44, 2029.42]",0.7
267,297,bench,"[837.67, 1897.96, 1112.71, 2148.09]",0.38
267,285,backpack,"[1639.41, 1843.9, 1894.73, 2239.41]",0.39
268,2,person,"[1865.67, 1564.5, 2160.0, 2653.31]",0.65
268,3,person,"[0.0, 1627.86, 258.23, 2449.21]",0.37
268,6,person,"[1661.58, 1641.45, 2045.88, 2840.41]",0.78
268,7,person,"[58.29, 1564.41, 866.53, 3840.0]",0.91
268,110,person,"[1113.08, 1657.33, 1263.65, 2080.56]",0.76
268,256,person,"[1328.1, 1690.1, 1448.84, 2012.83]",0.7
268,291,person,"[1245.49, 1692.64, 1334.35, 2016.79]",0.72
268,292,person,"[662.36, 1670.19, 878.17, 2065.08]",0.7
268,297,bench,"[832.38, 1898.25, 1112.79, 2153.85]",0.36
269,2,person,"[1872.67, 1568.67, 2160.0, 2662.63]",0.51
269,6,person,"[1675.38, 1644.97, 2063.62, 2842.66]",0.8
269,7,person,"[15.27, 1563.29, 827.88, 3840.0]",0.94
269,110,person,"[1112.93, 1657.93, 1263.1, 2081.48]",0.77
269,256,person,"[1327.92, 1691.6, 1449.07, 2014.19]",0.69
269,291,person,"[1246.06, 1694.28, 1332.99, 2010.85]",0.7
269,292,person,"[675.11, 1675.69, 876.75, 2052.56]",0.56
269,297,bench,"[832.53, 1902.39, 1109.21, 2155.05]",0.4
269,301,backpack,"[1704.15, 1765.64, 2056.18, 2247.98]",0.4
269,191,person,"[605.29, 1715.41, 808.91, 2292.34]",0.52
270,6,person,"[1692.84, 1643.36, 2086.03, 2835.3]",0.8
270,7,person,"[0.0, 1563.52, 807.69, 3840.0]",0.94
270,110,person,"[1111.65, 1658.71, 1261.97, 2084.33]",0.75
270,256,person,"[1326.93, 1694.24, 1446.85, 2014.66]",0.67
270,291,person,"[1246.16, 1696.6, 1332.19, 2008.9]",0.68
270,292,person,"[684.58, 1685.59, 869.89, 2039.89]",0.52
270,297,bench,"[831.65, 1908.08, 1105.09, 2158.31]",0.5
270,301,backpack,"[1729.29, 1817.31, 2044.82, 2249.59]",0.38
270,302,person,"[449.98, 1660.03, 612.03, 2046.06]",0.67
270,191,person,"[590.17, 1710.63, 824.99, 2381.84]",0.74
270,271,clock,"[1006.79, 340.79, 1286.98, 628.79]",0.28
271,6,person,"[1706.91, 1647.8, 2104.37, 2833.96]",0.82
271,7,person,"[0.0, 1569.0, 796.24, 3840.0]",0.93
271,110,person,"[1110.16, 1659.86, 1258.58, 2081.22]",0.74
271,256,person,"[1324.7, 1697.78, 1442.46, 2014.81]",0.62
271,291,person,"[1244.64, 1697.17, 1330.58, 2008.53]",0.67
271,297,bench,"[825.85, 1908.89, 1100.62, 2160.97]",0.49
271,301,backpack,"[1739.51, 1850.62, 2037.96, 2258.39]",0.49
271,302,person,"[429.74, 1657.94, 622.8, 2118.73]",0.79
271,191,person,"[585.56, 1703.79, 837.72, 2430.96]",0.82
271,271,clock,"[1004.07, 332.71, 1289.22, 624.55]",0.44
272,6,person,"[1716.74, 1651.26, 2122.73, 2848.53]",0.81
272,7,person,"[0.0, 1594.82, 781.78, 3840.0]",0.92
272,110,person,"[1107.68, 1660.53, 1255.9, 2082.16]",0.75
272,256,person,"[1324.95, 1695.98, 1442.35, 2014.53]",0.66
272,291,person,"[1243.46, 1699.39, 1330.8, 2014.89]",0.68
272,297,bench,"[821.17, 1906.99, 1101.04, 2164.22]",0.39
272,301,backpack,"[1726.99, 1844.34, 2037.2, 2266.26]",0.45
272,302,person,"[416.93, 1662.09, 628.69, 2169.25]",0.79
272,191,person,"[585.42, 1698.9, 848.37, 2462.81]",0.84
272,271,clock,"[999.54, 326.49, 1287.36, 621.5]",0.5
272,1,person,"[250.07, 1663.21, 430.1, 2162.98]",0.79
273,6,person,"[1725.14, 1649.94, 2139.99, 2864.27]",0.83
273,7,person,"[0.0, 1643.05, 769.21, 3840.0]",0.9
273,110,person,"[1107.42, 1661.73, 1255.54, 2083.79]",0.73
273,256,person,"[1323.83, 1696.7, 1438.64, 2011.28]",0.68
273,291,person,"[1244.04, 1699.73, 1332.09, 2016.49]",0.7
273,297,bench,"[817.08, 1902.13, 1100.3, 2163.0]",0.28
273,301,backpack,"[1767.64, 1816.3, 2100.19, 2267.91]",0.44
273,302,person,"[410.32, 1664.53, 632.08, 2198.42]",0.78
273,191,person,"[591.4, 1696.24, 858.57, 2477.76]",0.86
273,271,clock,"[996.1, 320.72, 1285.08, 617.26]",0.33
273,1,person,"[242.29, 1664.45, 442.3, 2200.33]",0.82
273,3,person,"[30.88, 1605.73, 209.45, 2134.67]",0.58
274,6,person,"[1730.03, 1647.35, 2152.88, 2879.2]",0.85
274,7,person,"[26.26, 1937.87, 718.91, 3840.0]",0.89
274,110,person,"[1105.59, 1662.49, 1253.49, 2084.9]",0.75
274,256,person,"[1322.6, 1698.54, 1435.56, 2012.36]",0.67
274,291,person,"[1242.24, 1697.84, 1331.48, 2018.3]",0.7
274,297,bench,"[810.94, 1899.55, 1102.06, 2168.73]",0.3
274,301,backpack,"[1789.37, 1814.89, 2136.94, 2284.95]",0.39
274,302,person,"[407.02, 1667.0, 628.5, 2204.13]",0.76
274,191,person,"[601.65, 1694.75, 869.15, 2484.79]",0.84
274,1,person,"[229.69, 1665.27, 455.95, 2268.32]",0.83
274,3,person,"[18.92, 1606.86, 220.09, 2192.29]",0.82
275,6,person,"[1734.07, 1648.42, 2160.0, 2891.51]",0.87
275,7,person,"[0.0, 2117.31, 574.68, 3840.0]",0.79
275,110,person,"[1106.65, 1667.39, 1252.46, 2083.93]",0.72
275,256,person,"[1324.65, 1702.16, 1435.2, 2012.36]",0.56
275,291,person,"[1241.56, 1698.39, 1329.24, 2012.93]",0.69
275,301,backpack,"[1809.01, 1830.17, 2150.92, 2290.59]",0.41
275,302,person,"[403.64, 1667.45, 621.77, 2201.28]",0.74
275,191,person,"[613.07, 1702.11, 878.3, 2488.22]",0.85
275,1,person,"[214.19, 1664.43, 470.76, 2354.78]",0.85
275,3,person,"[9.06, 1606.48, 234.17, 2259.38]",0.82
275,271,clock,"[990.14, 308.88, 1280.2, 606.28]",0.45
276,6,person,"[1735.76, 1645.91, 2160.0, 2899.19]",0.85
276,7,person,"[0.0, 2246.72, 476.83, 3840.0]",0.78
276,110,person,"[1108.77, 1668.26, 1254.02, 2083.73]",0.72
276,256,person,"[1326.46, 1704.7, 1436.03, 2013.63]",0.51
276,291,person,"[1239.55, 1694.65, 1328.22, 2011.2]",0.67
276,301,backpack,"[1811.25, 1838.33, 2150.7, 2292.04]",0.26
276,302,person,"[404.65, 1669.66, 617.48, 2195.92]",0.74
276,191,person,"[621.89, 1703.08, 888.02, 2492.76]",0.85
276,1,person,"[205.79, 1663.28, 480.21, 2409.67]",0.86
276,3,person,"[0.0, 1608.46, 248.85, 2335.53]",0.77
276,311,person,"[806.45, 1705.42, 901.22, 1910.48]",0.35
276,271,clock,"[987.97, 302.51, 1280.85, 601.83]",0.34
276,297,bench,"[804.93, 1893.75, 1098.29, 2165.55]",0.31
277,6,person,"[1723.46, 1651.21, 2160.0, 2916.64]",0.86
277,7,person,"[0.0, 2380.73, 368.52, 3840.0]",0.67
277,110,person,"[1112.31, 1670.11, 1258.12, 2088.43]",0.74
277,256,person,"[1323.35, 1702.03, 1433.19, 2012.79]",0.44
277,291,person,"[1240.07, 1689.46, 1329.39, 2009.32]",0.58
277,301,backpack,"[1819.67, 1847.9, 2153.32, 2291.29]",0.31
277,302,person,"[401.81, 1671.35, 613.22, 2199.81]",0.73
277,191,person,"[637.77, 1699.01, 913.5, 2503.54]",0.88
277,1,person,"[201.7, 1660.62, 488.4, 2449.43]",0.86
277,3,person,"[0.0, 1613.19, 261.21, 2412.1]",0.8
277,297,bench,"[802.92, 1894.53, 1095.47, 2166.02]",0.36
278,6,person,"[1714.06, 1653.79, 2156.64, 2928.7]",0.85
278,110,person,"[1115.73, 1671.06, 1261.76, 2090.53]",0.73
278,256,person,"[1324.88, 1696.42, 1434.48, 2007.57]",0.47
278,291,person,"[1241.95, 1688.87, 1330.69, 2007.48]",0.59
278,301,backpack,"[1824.31, 1835.53, 2160.0, 2292.15]",0.38
278,302,person,"[398.09, 1669.23, 610.08, 2205.97]",0.71
278,191,person,"[650.29, 1700.89, 937.05, 2514.68]",0.88
278,1,person,"[200.76, 1657.21, 492.1, 2463.74]",0.88
278,3,person,"[0.0, 1614.84, 264.01, 2452.7]",0.82
278,297,bench,"[805.45, 1895.14, 1095.61, 2165.96]",0.37
278,315,person,"[1563.62, 1686.26, 1616.36, 1864.48]",0.34
278,311,person,"[812.49, 1707.81, 902.93, 1904.15]",0.27
278,271,clock,"[982.72, 284.5, 1279.06, 586.33]",0.28
279,6,person,"[1695.95, 1654.12, 2147.9, 2944.06]",0.82
279,110,person,"[1118.14, 1668.86, 1264.72, 2088.42]",0.7
279,256,person,"[1322.74, 1700.41, 1430.03, 2008.65]",0.5
279,291,person,"[1244.9, 1690.53, 1332.54, 2005.58]",0.59
279,301,backpack,"[1814.78, 1829.74, 2160.0, 2303.57]",0.49
279,302,person,"[399.28, 1668.22, 606.71, 2200.4]",0.7
279,191,person,"[659.83, 1703.73, 957.98, 2520.91]",0.89
279,1,person,"[200.25, 1653.18, 489.81, 2459.57]",0.88
279,3,person,"[0.0, 1613.03, 264.19, 2473.64]",0.83
279,297,bench,"[810.92, 1895.06, 1100.25, 2168.09]",0.45
279,315,person,"[1562.0, 1687.68, 1614.6, 1865.44]",0.31
